https://m.media-amazon.com/images/I/91a0S3O4vjL.jpg,375816,item_weight,1023.0 gram
https://m.media-amazon.com/images/I/91EGQ9c8ZKL.jpg,375816,item_weight,1023.0 gram
https://m.media-amazon.com/images/I/81L97-vmovL.jpg,375816,item_weight,1023.0 gram
https://m.media-amazon.com/images/I/61OY6I21l2L.jpg,483370,item_weight,1.0 kilogram
https://m.media-amazon.com/images/I/61oE2AbTBJL.jpg,523149,item_weight,4.3 gram
https://m.media-amazon.com/images/I/61IycVGaGYL.jpg,752266,wattage,1.5 watt
https://m.media-amazon.com/images/I/81UUjhSL3hL.jpg,459516,item_volume,29.0 litre
https://m.media-amazon.com/images/I/91rg-a-2KLL.jpg,483370,item_weight,28.0 gram
https://m.media-amazon.com/images/I/61pbZX8RWOL.jpg,847223,item_weight,0.56 kilogram
https://m.media-amazon.com/images/I/61J3MWhOgkL.jpg,752266,voltage,"[110.0, 120.0] volt"
https://m.media-amazon.com/images/I/712SjLhzLjL.jpg,801829,item_weight,48.5 pound
https://m.media-amazon.com/images/I/91uasSuDsPL.jpg,416664,wattage,5.0 watt
https://m.media-amazon.com/images/I/61+9ydEPoUL.jpg,375816,item_weight,340.0 gram
https://m.media-amazon.com/images/I/71FNkB0z0oL.jpg,245959,item_weight,1.0 pound
https://m.media-amazon.com/images/I/815v8KW9I5L.jpg,529606,item_weight,1.9 ounce
https://m.media-amazon.com/images/I/61pRSkSyrRL.jpg,866516,item_weight,0.0 gram
https://m.media-amazon.com/images/I/61IGXibQJ7L.jpg,329793,item_weight,170.0 gram
https://m.media-amazon.com/images/I/61pZJrFLlJL.jpg,752266,wattage,18.0 watt
https://m.media-amazon.com/images/I/61pZJrFLlJL.jpg,752266,voltage,"[220.0, 240.0] volt"
https://m.media-amazon.com/images/I/6157bXX60ZL.jpg,752266,wattage,18.0 watt
https://m.media-amazon.com/images/I/A1PQf0EkwGL.jpg,375816,item_weight,500.0 gram
https://m.media-amazon.com/images/I/81MYup14oCL.jpg,373285,item_weight,"[1.0, 2.0] ounce"
https://m.media-amazon.com/images/I/41l56m8szkL.jpg,373285,item_weight,1.0 ounce
https://m.media-amazon.com/images/I/61SpC5WTqbL.jpg,416664,wattage,1.0 watt
https://m.media-amazon.com/images/I/61djLYFdToL.jpg,844474,item_weight,440.0 gram
https://m.media-amazon.com/images/I/71ZacuHPHZL.jpg,225091,item_weight,"[0.0, 5.0] kilogram"
https://m.media-amazon.com/images/I/7195HI0YTAL.jpg,752266,wattage,60.0 watt
https://m.media-amazon.com/images/I/7195HI0YTAL.jpg,752266,voltage,"[110.0, 240.0] volt"
https://m.media-amazon.com/images/I/51+LEueO6CL.jpg,373285,item_volume,32.0 fluid ounce
https://m.media-amazon.com/images/I/714BQnts3aL.jpg,881883,item_weight,8.0 kilogram
https://m.media-amazon.com/images/I/61Ew-XV+XvL.jpg,675317,item_weight,"[2003.0, 2015.0] gram"
https://m.media-amazon.com/images/I/71VRNz+xdoL.jpg,810266,item_weight,28.0 gram
https://m.media-amazon.com/images/I/81bh8V1E5RL.jpg,810266,item_weight,28.0 gram
https://m.media-amazon.com/images/I/81ltdzAXYeL.jpg,810266,item_weight,28.0 gram
https://m.media-amazon.com/images/I/71CwP3MDK7L.jpg,810266,item_weight,28.0 gram
https://m.media-amazon.com/images/I/81lDNT696WL.jpg,810266,item_weight,28.0 gram
https://m.media-amazon.com/images/I/81lPV8WdPrL.jpg,810266,item_weight,28.0 gram
https://m.media-amazon.com/images/I/81+wdVmkRML.jpg,810266,item_weight,28.0 gram
https://m.media-amazon.com/images/I/61lRU47uDOL.jpg,254449,item_weight,1200.0 milligram
https://m.media-amazon.com/images/I/61iIIIJgG4L.jpg,630869,item_weight,14.4 gram
https://m.media-amazon.com/images/I/71pf6ScB6FL.jpg,296366,item_weight,2.64 pound
https://m.media-amazon.com/images/I/51n+S9E2EqL.jpg,916768,item_weight,479.0 gram
https://m.media-amazon.com/images/I/61IpSN+6D+L.jpg,299791,item_weight,7.2 gram
https://m.media-amazon.com/images/I/51RC2aljehL.jpg,459516,item_volume,200.0 millilitre
https://m.media-amazon.com/images/I/61mUjf8sIOL.jpg,459516,item_volume,200.0 millilitre
https://m.media-amazon.com/images/I/61mXWwwuPDL.jpg,459516,item_volume,200.0 millilitre
https://m.media-amazon.com/images/I/71upK248nIL.jpg,329793,item_weight,8.0 gram
https://m.media-amazon.com/images/I/71k2aqkwBxL.jpg,281678,item_weight,65.0 gram
https://m.media-amazon.com/images/I/71hjL1YabUL.jpg,281678,item_weight,8.0 ounce
https://m.media-amazon.com/images/I/81G9UtMbsVL.jpg,281678,item_weight,65.0 gram
https://m.media-amazon.com/images/I/71OlBG16YCL.jpg,281678,item_weight,65.0 gram
https://m.media-amazon.com/images/I/81V-DVwBSrL.jpg,483370,item_weight,0.0 gram
https://m.media-amazon.com/images/I/71A24t5jD9L.jpg,483370,item_weight,3.3 pound
https://m.media-amazon.com/images/I/615JUgjdV9L.jpg,866516,item_weight,44.8 gram
https://m.media-amazon.com/images/I/51PmNOrp99L.jpg,299791,item_weight,19.3 gram
https://m.media-amazon.com/images/I/61SWDkMKBTL.jpg,299791,item_weight,20.9 gram
https://m.media-amazon.com/images/I/61FLrSjJQkL.jpg,752266,voltage,12.0 volt
https://m.media-amazon.com/images/I/81l4+2gUN2L.jpg,281678,item_volume,8.0 fluid ounce
https://m.media-amazon.com/images/I/81EYKmYozFL.jpg,281678,item_volume,8.0 fluid ounce
https://m.media-amazon.com/images/I/71h54G+5RZL.jpg,955292,wattage,60.0 watt
https://m.media-amazon.com/images/I/81yJRIOWHnL.jpg,955292,wattage,100.0 watt
https://m.media-amazon.com/images/I/51tmU-3epiL.jpg,299791,item_weight,2.0 gram
https://m.media-amazon.com/images/I/71S-DDhrNpL.jpg,120569,item_weight,10.0 kilogram
https://m.media-amazon.com/images/I/716Grew8-dL.jpg,120219,maximum_weight_recommendation,60.0 pound
https://m.media-amazon.com/images/I/71+tcjXooAL.jpg,881883,item_weight,3.0 pound
https://m.media-amazon.com/images/I/71Nb8PoJZzL.jpg,299791,item_weight,5 gram
https://m.media-amazon.com/images/I/71o3cW3xP1L.jpg,204245,maximum_weight_recommendation,110 pound
https://m.media-amazon.com/images/I/61Ylq01Fj-L.jpg,299791,item_weight,34 gram
https://m.media-amazon.com/images/I/81oFIUqa8iL.jpg,449805,item_weight,1.5 kilogram
https://m.media-amazon.com/images/I/71E2ZDxcHWL.jpg,730429,item_weight,0.96 kilogram
https://m.media-amazon.com/images/I/61PEAkAuauL.jpg,593600,item_weight,50.0 gram
https://m.media-amazon.com/images/I/71oDcYi4n3L.jpg,593600,item_weight,50.0 gram
https://m.media-amazon.com/images/I/512HzxZ+Z1L.jpg,523149,item_weight,2.4 gram
https://m.media-amazon.com/images/I/71yNA-pzlWL.jpg,523149,item_weight,15.0 gram
https://m.media-amazon.com/images/I/71sFq5kPtEL.jpg,237000,item_weight,180.0 gram
https://m.media-amazon.com/images/I/81t4pZ0BJsL.jpg,847223,item_weight,5.5 ounce
https://m.media-amazon.com/images/I/71SF8GiKoWL.jpg,801829,maximum_weight_recommendation,100 kilogram
https://m.media-amazon.com/images/I/315q+CFH0DL.jpg,884560,item_weight,1.5 gram
https://m.media-amazon.com/images/I/61N8TzDVZ4L.jpg,347404,item_weight,0.86 pound
https://m.media-amazon.com/images/I/81yD42C2EYL.jpg,459516,item_volume,25.0 litre
https://m.media-amazon.com/images/I/71oZ0dk6OnL.jpg,459516,item_weight,60.0 gram
https://m.media-amazon.com/images/I/71cdLQsruxL.jpg,529606,item_weight,567.0 gram
https://m.media-amazon.com/images/I/81P9vG68I-L.jpg,529606,item_weight,567.0 gram
https://m.media-amazon.com/images/I/817oAKg5-eL.jpg,529606,item_weight,567.0 gram
https://m.media-amazon.com/images/I/71DNMGQjcHL.jpg,529606,item_weight,567.0 gram
https://m.media-amazon.com/images/I/81abO+P69UL.jpg,529606,item_weight,368.0 gram
https://m.media-amazon.com/images/I/61GNvP62caL.jpg,373285,item_volume,0.4 litre
https://m.media-amazon.com/images/I/61FhaxH0JbL.jpg,523149,item_weight,149.0 gram
https://m.media-amazon.com/images/I/61rd-43mVtL.jpg,748919,item_weight,7.0 ounce
https://m.media-amazon.com/images/I/91tIJOPHajL.jpg,281678,item_weight,2.82 ounce
https://m.media-amazon.com/images/I/51LKXHtbzbL.jpg,630869,item_weight,9 gram
https://m.media-amazon.com/images/I/71J4uIxWu9L.jpg,529606,item_weight,7 ounce
https://m.media-amazon.com/images/I/71sdvdmswnL.jpg,299791,item_weight,58 gram
https://m.media-amazon.com/images/I/71a0ApQ91gL.jpg,273748,item_weight,0.7 kilogram
https://m.media-amazon.com/images/I/71ppBZY0zEL.jpg,801829,maximum_weight_recommendation,2.2 kilogram
https://m.media-amazon.com/images/I/61-Lg0R2lUS.jpg,120569,item_weight,156.0 gram
https://m.media-amazon.com/images/I/81yHvneIdQL.jpg,120219,maximum_weight_recommendation,3.0 ounce
https://m.media-amazon.com/images/I/41NH8WgeBOL.jpg,709627,voltage,10.8 volt
https://m.media-amazon.com/images/I/91gkGOT35-L.jpg,252782,item_weight,204.0 kilogram
https://m.media-amazon.com/images/I/91ADo5ndaEL.jpg,991868,item_weight,1.8 gram
https://m.media-amazon.com/images/I/81tMCRwYZGL.jpg,192132,item_weight,506.0 gram
https://m.media-amazon.com/images/I/715++LcNseL.jpg,140266,item_weight,96.5 gram
https://m.media-amazon.com/images/I/61kdwY77JlL.jpg,318770,wattage,70.0 watt
https://m.media-amazon.com/images/I/71zIii5y+hL.jpg,459516,item_weight,201306.0 gram
https://m.media-amazon.com/images/I/71FKAb9pgXL.jpg,459516,item_weight,3.0 gram
https://m.media-amazon.com/images/I/61T3P7KPJ0L.jpg,932012,item_weight,2.0 pound
https://m.media-amazon.com/images/I/71lMmBP8kUL.jpg,459516,item_volume,100.0 millilitre
https://m.media-amazon.com/images/I/71cEaPfB1pL.jpg,776058,item_weight,3.0 pound
https://m.media-amazon.com/images/I/61ddzOv0rSL.jpg,731252,item_weight,30.0 kilogram
https://m.media-amazon.com/images/I/81VUT9BMZ4L.jpg,299791,item_weight,9.4 gram
https://m.media-amazon.com/images/I/71ZqSLgEwAL.jpg,489118,item_weight,25.0 gram
https://m.media-amazon.com/images/I/71Rw0rSKYyL.jpg,489118,item_weight,25.0 gram
https://m.media-amazon.com/images/I/71c38TkEpgL.jpg,844474,item_weight,11.25 kilogram
https://m.media-amazon.com/images/I/71mqkW7oHBL.jpg,523149,item_weight,6.1 gram
https://m.media-amazon.com/images/I/51ZF71z4YNS.jpg,299791,item_weight,16.8 gram
https://m.media-amazon.com/images/I/81jZUqZAgGL.jpg,731432,item_weight,28.0 gram
https://m.media-amazon.com/images/I/71u-oFZfdZL.jpg,318770,wattage,240.0 watt
https://m.media-amazon.com/images/I/71XmYwRrjhL.jpg,318770,wattage,240.0 watt
https://m.media-amazon.com/images/I/719rKIJHZvL.jpg,318770,wattage,240.0 watt
https://m.media-amazon.com/images/I/71KDFqKkNnL.jpg,318770,wattage,240.0 watt
https://m.media-amazon.com/images/I/71tWWgkVz4L.jpg,318770,wattage,240.0 watt
https://m.media-amazon.com/images/I/61fraEsD2PL.jpg,365637,item_weight,150.0 gram
https://m.media-amazon.com/images/I/61Enmrzq3TL.jpg,365637,item_weight,150.0 gram
https://m.media-amazon.com/images/I/718jtb5KJOS.jpg,881883,item_weight,1.0 ton
https://m.media-amazon.com/images/I/81fc-MLMqWL.jpg,523149,item_weight,2.0 gram
https://m.media-amazon.com/images/I/51NDqQf2yXL.jpg,237000,item_weight,1800.0 gram
https://m.media-amazon.com/images/I/81sD45OgTqL.jpg,639090,item_weight,2.0 pound
https://m.media-amazon.com/images/I/61LLE5kWCJL.jpg,630869,item_weight,20.0 gram
https://m.media-amazon.com/images/I/51sENedZESL.jpg,299791,item_weight,13.0 gram
https://m.media-amazon.com/images/I/71MI+Cf60UL.jpg,922709,item_weight,5.5 pound
https://m.media-amazon.com/images/I/71Bofj0amZL.jpg,459516,item_weight,5.0 milligram
https://m.media-amazon.com/images/I/71-t9F5FtaL.jpg,507467,item_weight,72.0 gram
https://m.media-amazon.com/images/I/61yH3Nsz4KL.jpg,524635,item_weight,2 ounce
https://m.media-amazon.com/images/I/814tTe50zIL.jpg,751532,maximum_weight_recommendation,860 pound
https://m.media-amazon.com/images/I/81A58hHr1mL.jpg,639090,item_weight,50.0 gram
https://m.media-amazon.com/images/I/81SQvTLJ04L.jpg,993359,item_weight,200 gram
https://m.media-amazon.com/images/I/816-h5BrlbL.jpg,993359,item_weight,200 gram
https://m.media-amazon.com/images/I/81PO-s0lK8L.jpg,993359,item_weight,200 gram
https://m.media-amazon.com/images/I/61ZSAo2NWKL.jpg,462757,item_weight,37 kilogram
https://m.media-amazon.com/images/I/71jyxDNqXbL.jpg,639090,item_weight,12.2 gram
https://m.media-amazon.com/images/I/61lE5VFIKVL.jpg,731432,item_weight,80.0 milligram
https://m.media-amazon.com/images/I/61ePec-vqyL.jpg,731432,item_weight,80.0 milligram
https://m.media-amazon.com/images/I/71c5E7K9b3L.jpg,296953,item_weight,15.0 kilogram
https://m.media-amazon.com/images/I/71BiVbuyXYL.jpg,288715,item_weight,2.0 ounce
https://m.media-amazon.com/images/I/91+tGTVrdKL.jpg,365637,item_weight,600.0 gram
https://m.media-amazon.com/images/I/91t7PPVdGCL.jpg,365637,item_weight,600.0 gram
https://m.media-amazon.com/images/I/9104zYbkndL.jpg,365637,item_weight,600.0 gram
https://m.media-amazon.com/images/I/61a9koe6-KL.jpg,881883,item_weight,180.0 gram
https://m.media-amazon.com/images/I/71c11uDwQzL.jpg,731432,item_weight,563.0 gram
https://m.media-amazon.com/images/I/715l5Koa3yL.jpg,731432,item_weight,90.0 milligram
https://m.media-amazon.com/images/I/717NOhwpOdL.jpg,731432,item_weight,20.0 gram
https://m.media-amazon.com/images/I/710mmppGjxL.jpg,731432,item_weight,563.0 gram
https://m.media-amazon.com/images/I/71BRpb-gXfL.jpg,731432,item_weight,563.0 gram
https://m.media-amazon.com/images/I/71EPE0wSdbL.jpg,731432,item_weight,20.0 ounce
https://m.media-amazon.com/images/I/813OpmOYe4L.jpg,365637,item_weight,198.0 gram
https://m.media-amazon.com/images/I/81940+4c1GL.jpg,365637,item_weight,30.0 gram
https://m.media-amazon.com/images/I/71eBllTykHL.jpg,365637,item_weight,30.0 gram
https://m.media-amazon.com/images/I/71yjttWcfCL.jpg,411423,item_weight,525.0 gram
https://m.media-amazon.com/images/I/71RzdvhAmsL.jpg,411423,item_weight,525.0 gram
https://m.media-amazon.com/images/I/71S6zr9oqyL.jpg,411423,item_weight,525.0 gram
https://m.media-amazon.com/images/I/61rwfYKIROL.jpg,529606,item_weight,9.0 ounce
https://m.media-amazon.com/images/I/61Jtmm2YrTL.jpg,529606,item_weight,9.0 ounce
https://m.media-amazon.com/images/I/61+MxCZlePL.jpg,179080,voltage,48.0 volt
https://m.media-amazon.com/images/I/51yfUJv1GuL.jpg,459516,item_weight,400.0 milligram
https://m.media-amazon.com/images/I/81bncStX8VL.jpg,281678,item_volume,16.0 fluid ounce
https://m.media-amazon.com/images/I/81E0ee1+vYL.jpg,281678,item_volume,16.0 fluid ounce
https://m.media-amazon.com/images/I/71p4Wrw9aHL.jpg,281678,item_volume,16.0 fluid ounce
https://m.media-amazon.com/images/I/71BgmMGgg5L.jpg,281678,item_volume,16.0 fluid ounce
https://m.media-amazon.com/images/I/71ruKYocvFL.jpg,225091,item_weight,30.0 gram
https://m.media-amazon.com/images/I/71sGR+aCsvL.jpg,225091,item_weight,30.0 gram
https://m.media-amazon.com/images/I/71Ks+QACYHS.jpg,918474,item_weight,265.0 gram
https://m.media-amazon.com/images/I/4109GKDQIvL.jpg,329793,item_weight,270.0 gram
https://m.media-amazon.com/images/I/71Vzo2Tm+xL.jpg,794161,item_weight,20.0 gram
https://m.media-amazon.com/images/I/81FkXZu1JKL.jpg,132401,item_weight,30.0 gram
https://m.media-amazon.com/images/I/41hERh6+QSL.jpg,918474,maximum_weight_recommendation,100 kilogram
https://m.media-amazon.com/images/I/71p9NT6S+oL.jpg,918474,maximum_weight_recommendation,100 kilogram
https://m.media-amazon.com/images/I/51ZDmYjBs5L.jpg,529606,item_weight,80 gram
https://m.media-amazon.com/images/I/61nuiGZrPFL.jpg,529606,item_weight,80 gram
https://m.media-amazon.com/images/I/61hPGjg3TIL.jpg,529606,item_weight,80 gram
https://m.media-amazon.com/images/I/61dOx+t-eJL.jpg,529606,item_weight,80 gram
https://m.media-amazon.com/images/I/71qpChRGMaL.jpg,529606,item_weight,80 gram
https://m.media-amazon.com/images/I/819qumvzwjS.jpg,630390,item_weight,2.2 pound
https://m.media-amazon.com/images/I/71DuSLNxwIL.jpg,630390,item_weight,2.2 pound
https://m.media-amazon.com/images/I/718kf84KArL.jpg,630390,item_weight,2.2 pound
https://m.media-amazon.com/images/I/61pPOSAjAVL.jpg,630390,item_weight,2.2 pound
https://m.media-amazon.com/images/I/71fkFovzQzL.jpg,654649,item_weight,1.0 ounce
https://m.media-amazon.com/images/I/71sWRJYeSQL.jpg,893692,item_weight,0.93 kilogram
https://m.media-amazon.com/images/I/71A9Th6kL0L.jpg,860821,wattage,65.0 watt
https://m.media-amazon.com/images/I/61-oywTTsiL.jpg,860821,wattage,50.0 watt
https://m.media-amazon.com/images/I/61-oywTTsiL.jpg,860821,voltage,220.0 volt
https://m.media-amazon.com/images/I/71b4qPxCyUL.jpg,318770,wattage,100.0 watt
https://m.media-amazon.com/images/I/71FXzcQHjnL.jpg,271537,voltage,110.0 volt
https://m.media-amazon.com/images/I/71DJWKsLDaL.jpg,271537,voltage,110.0 volt
https://m.media-amazon.com/images/I/81hfpYrmMLL.jpg,501250,item_weight,24.0 pound
https://m.media-amazon.com/images/I/717ZmdjecdL.jpg,412008,voltage,1.5 volt
https://m.media-amazon.com/images/I/71EQ8sO8r6S.jpg,860821,voltage,110.0 volt
https://m.media-amazon.com/images/I/51nd5k5TgfL.jpg,752266,wattage,12.0 watt
https://m.media-amazon.com/images/I/718fQcag4xL.jpg,396159,item_weight,290.0 gram
https://m.media-amazon.com/images/I/71HstDkDNTL.jpg,396159,item_weight,150.0 gram
https://m.media-amazon.com/images/I/815hpJmgrHL.jpg,639090,item_weight,3.5 ounce
https://m.media-amazon.com/images/I/71rmIhmXX+L.jpg,639090,item_weight,3.5 ounce
https://m.media-amazon.com/images/I/819kGfWlbUL.jpg,993359,item_weight,100 gram
https://m.media-amazon.com/images/I/616qG7gFubL.jpg,299791,item_weight,10.0 gram
https://m.media-amazon.com/images/I/6193D7oZWcL.jpg,487566,item_weight,11.0 gram
https://m.media-amazon.com/images/I/71mtYuOIMBL.jpg,630869,item_weight,15.6 gram
https://m.media-amazon.com/images/I/71A9ZQ-1GNL.jpg,237000,item_weight,800.0 gram
https://m.media-amazon.com/images/I/51z0bDmdh8L.jpg,459516,item_weight,1000 milligram
https://m.media-amazon.com/images/I/61xPV8oTd6L.jpg,308856,item_weight,100 gram
https://m.media-amazon.com/images/I/71jLZc0dPWL.jpg,299791,item_weight,58.2 gram
https://m.media-amazon.com/images/I/71F8VoK83NL.jpg,249638,item_weight,5.0 gram
https://m.media-amazon.com/images/I/61bWJv-62hL.jpg,550840,item_weight,65.0 gram
https://m.media-amazon.com/images/I/51WwAHEvSDL.jpg,281678,item_weight,33.0 gram
https://m.media-amazon.com/images/I/71j81jNs+5L.jpg,589105,item_weight,1.0 ton
https://m.media-amazon.com/images/I/71rhdp9yCQL.jpg,609802,item_weight,"[5.5, 10.0] kilogram"
https://m.media-amazon.com/images/I/61CaXvWQZeL.jpg,557758,item_volume,2.0 litre
https://m.media-amazon.com/images/I/71UxMILZyJL.jpg,318770,wattage,550.0 watt
https://m.media-amazon.com/images/I/71aakaw+bTL.jpg,318770,wattage,550.0 watt
https://m.media-amazon.com/images/I/41XKkkeQUDL.jpg,523149,item_weight,7.5 gram
https://m.media-amazon.com/images/I/71LM6gA-dsL.jpg,916768,item_volume,250.0 millilitre
https://m.media-amazon.com/images/I/61JQQgD2p8L.jpg,731432,item_weight,38.0 milligram
https://m.media-amazon.com/images/I/51cTANWXL6L.jpg,299791,item_weight,7.9 gram
https://m.media-amazon.com/images/I/71taK37M3lL.jpg,844474,item_weight,0.54 kilogram
https://m.media-amazon.com/images/I/51lStBIjePL.jpg,442321,item_weight,60.0 kilogram
https://m.media-amazon.com/images/I/71pUtf3rnXL.jpg,459516,item_volume,"[8.0, 12.0] fluid ounce"
https://m.media-amazon.com/images/I/71td3KOAo2L.jpg,281678,item_weight,1.06 ounce
https://m.media-amazon.com/images/I/61UzQObvTqL.jpg,281678,item_weight,1.0 gram
https://m.media-amazon.com/images/I/715CxG8vSxL.jpg,281678,item_weight,1.06 ounce
https://m.media-amazon.com/images/I/61GoGxVS9JL.jpg,281678,item_weight,1.0 gram
https://m.media-amazon.com/images/I/61Eo6GyeDKL.jpg,281678,item_weight,1.06 ounce
https://m.media-amazon.com/images/I/71hXBys4-SL.jpg,983323,voltage,12.0 volt
https://m.media-amazon.com/images/I/61+1MMMsvOL.jpg,801829,item_weight,150.0 kilogram
https://m.media-amazon.com/images/I/71hN2p-bpjL.jpg,507619,item_weight,15.0 kilogram
https://m.media-amazon.com/images/I/816usm7CyPL.jpg,922709,voltage,50.0 volt
https://m.media-amazon.com/images/I/81KFV4pDdTL.jpg,681445,item_weight,600.0 gram
https://m.media-amazon.com/images/I/81dV4HO4lQL.jpg,254449,item_weight,1.05 milligram
https://m.media-amazon.com/images/I/41PznKCmOrL.jpg,254449,item_weight,350.0 milligram
https://m.media-amazon.com/images/I/61q0rCM4KdL.jpg,523149,item_weight,1.0 pound
https://m.media-amazon.com/images/I/71sMbE7cO6L.jpg,273748,item_weight,183.0 gram
https://m.media-amazon.com/images/I/61RYSRNYnJL.jpg,254449,item_weight,90.0 gram
https://m.media-amazon.com/images/I/61LxhHf5nIL.jpg,752266,voltage,"[85.0, 265.0] volt"
https://m.media-amazon.com/images/I/61A9pJH9ilL.jpg,752266,wattage,15.0 watt
https://m.media-amazon.com/images/I/71Au8Ehc6jL.jpg,459271,item_weight,38.6 pound
https://m.media-amazon.com/images/I/71IqvjUsIqL.jpg,752266,item_weight,6.8 kilogram
https://m.media-amazon.com/images/I/71C1RWK1rjL.jpg,120219,maximum_weight_recommendation,47.0 gram
https://m.media-amazon.com/images/I/711ec6tuvzL.jpg,459516,item_volume,100.0 millilitre
https://m.media-amazon.com/images/I/913AUt2PsPL.jpg,589105,item_weight,50.0 pound
https://m.media-amazon.com/images/I/51nUHNzp5oL.jpg,866516,item_weight,0.5 kilogram
https://m.media-amazon.com/images/I/81RCFPY7VsS.jpg,373285,item_weight,4.5 ounce
https://m.media-amazon.com/images/I/81kDrM1R4WS.jpg,373285,item_weight,4.5 ounce
https://m.media-amazon.com/images/I/815ItNAU7kL.jpg,416664,wattage,3.0 watt
https://m.media-amazon.com/images/I/61xl3yZFNcL.jpg,658003,item_weight,1.76 ounce
https://m.media-amazon.com/images/I/51rSaUzVz0L.jpg,630869,item_weight,19.0 gram
https://m.media-amazon.com/images/I/71x9bCkX5hL.jpg,120569,item_weight,360.0 gram
https://m.media-amazon.com/images/I/7144gB89qRL.jpg,459516,item_weight,850.0 milligram
https://m.media-amazon.com/images/I/81hBY4J5F3L.jpg,446789,maximum_weight_recommendation,300 kilogram
https://m.media-amazon.com/images/I/61ftO4-wxrL.jpg,273748,item_weight,0.73 kilogram
https://m.media-amazon.com/images/I/613ZVDSpFGL.jpg,993359,item_weight,100 gram
https://m.media-amazon.com/images/I/61byoKCmWJL.jpg,459516,item_weight,200 gram
https://m.media-amazon.com/images/I/611JJkwrY5L.jpg,459516,item_weight,200 gram
https://m.media-amazon.com/images/I/71QDwlpfc9L.jpg,459516,item_weight,200 gram
https://m.media-amazon.com/images/I/712u4UJbFIL.jpg,459516,item_weight,200 gram
https://m.media-amazon.com/images/I/611l4KG7muL.jpg,459516,item_weight,200 gram
https://m.media-amazon.com/images/I/61nd13Zd6BL.jpg,810266,item_weight,40 gram
https://m.media-amazon.com/images/I/61wmDXev4qL.jpg,179080,item_weight,9.5 kilogram
https://m.media-amazon.com/images/I/61Cg064naiL.jpg,524635,item_weight,15.0 gram
https://m.media-amazon.com/images/I/61fi6IcMppL.jpg,524635,item_weight,15.0 gram
https://m.media-amazon.com/images/I/61hbJOaRvqL.jpg,524635,item_weight,15.0 gram
https://m.media-amazon.com/images/I/61eT6zTdGhL.jpg,226504,item_weight,6.0 gram
https://m.media-amazon.com/images/I/71cAfOKHunL.jpg,630869,item_weight,17.0 gram
https://m.media-amazon.com/images/I/81dSfMazlTL.jpg,934747,item_weight,10.0 gram
https://m.media-amazon.com/images/I/71enMPeUq5L.jpg,299791,item_weight,20.0 gram
https://m.media-amazon.com/images/I/91UL92-HrbL.jpg,881883,item_weight,300.0 pound
https://m.media-amazon.com/images/I/617S-axbZNL.jpg,281678,item_weight,18.0 pound
https://m.media-amazon.com/images/I/71iBNn8Co2L.jpg,459516,item_weight,200.0 milligram
https://m.media-amazon.com/images/I/61PaUBfgeRL.jpg,459516,item_weight,200.0 milligram
https://m.media-amazon.com/images/I/415gqGnlmwL.jpg,459516,item_weight,1.0 ounce
https://m.media-amazon.com/images/I/617YML9KymL.jpg,459516,item_weight,200.0 milligram
https://m.media-amazon.com/images/I/71vL1NCy0NL.jpg,459516,item_weight,200.0 milligram
https://m.media-amazon.com/images/I/81YrKcT8vFL.jpg,459516,item_weight,200.0 milligram
https://m.media-amazon.com/images/I/61bfNk2pvbL.jpg,120219,maximum_weight_recommendation,3.0 ton
https://m.media-amazon.com/images/I/716HMKH-9KL.jpg,254449,item_weight,100.0 microgram
https://m.media-amazon.com/images/I/81j2GiZV-IL.jpg,296366,item_weight,20.0 pound
https://m.media-amazon.com/images/I/41aQ2qyc6pL.jpg,558832,item_weight,3.5 gram
https://m.media-amazon.com/images/I/61MhTGvnoqL.jpg,281678,item_weight,80.0 gram
https://m.media-amazon.com/images/I/51meZFN7UIL.jpg,308856,item_weight,1.7 kilogram
https://m.media-amazon.com/images/I/71I3totusDL.jpg,254449,item_volume,500.0 millilitre
https://m.media-amazon.com/images/I/61vmYDOez4L.jpg,120219,maximum_weight_recommendation,0.15 kilogram
https://m.media-amazon.com/images/I/61vmYDOez4L.jpg,120219,item_weight,0.15 kilogram
https://m.media-amazon.com/images/I/51lCCgdmQ+L.jpg,709627,voltage,7.4 volt
https://m.media-amazon.com/images/I/513CiQIuuLL.jpg,709627,voltage,7.4 volt
https://m.media-amazon.com/images/I/513X5hxF1+L.jpg,709627,voltage,7.4 volt
https://m.media-amazon.com/images/I/51FLqJLAVpL.jpg,709627,voltage,7.4 volt
https://m.media-amazon.com/images/I/51UT6HgeglL.jpg,709627,voltage,7.4 volt
https://m.media-amazon.com/images/I/71xAtIxDbUL.jpg,701880,item_weight,210.0 gram
https://m.media-amazon.com/images/I/81xwDfspTGL.jpg,149159,item_weight,290.0 gram
https://m.media-amazon.com/images/I/618o4+fKHbL.jpg,675317,item_weight,74.0 gram
https://m.media-amazon.com/images/I/51-fpvYU3qL.jpg,908443,item_weight,620.0 gram
https://m.media-amazon.com/images/I/51m2--S90qL.jpg,299791,item_weight,6.0 gram
https://m.media-amazon.com/images/I/71m9SCnmfQL.jpg,179080,voltage,48.0 volt
https://m.media-amazon.com/images/I/71wBB4VklwL.jpg,776058,item_weight,5.0 pound
https://m.media-amazon.com/images/I/51P75nDTtXL.jpg,416664,item_weight,360.0 gram
https://m.media-amazon.com/images/I/81+a+qSJQzL.jpg,750220,item_weight,500.0 gram
https://m.media-amazon.com/images/I/81XuXSLSA5L.jpg,750220,item_weight,500.0 gram
https://m.media-amazon.com/images/I/31bhp-kEEEL.jpg,750220,item_weight,500.0 gram
https://m.media-amazon.com/images/I/51YM+XNR14L.jpg,750220,item_weight,100.0 gram
https://m.media-amazon.com/images/I/71oElnCL8CL.jpg,179080,wattage,750.0 watt
https://m.media-amazon.com/images/I/61y0I17Hp+S.jpg,731432,item_weight,150 gram
https://m.media-amazon.com/images/I/81Nhv4SMPbL.jpg,308671,item_weight,850 gram
https://m.media-amazon.com/images/I/61rZdpbCqwL.jpg,746096,item_weight,23.49 kilogram
https://m.media-amazon.com/images/I/71MHA0Z3qFL.jpg,558374,item_weight,4.4 gram
https://m.media-amazon.com/images/I/51g1bUR4zYL.jpg,459516,item_weight,200 gram
https://m.media-amazon.com/images/I/81ifC+wDasL.jpg,933453,maximum_weight_recommendation,9 kilogram to 18 kilogram
https://m.media-amazon.com/images/I/610-OJ2MbtL.jpg,558374,item_weight,198 gram
https://m.media-amazon.com/images/I/71QS1q8LeOL.jpg,150913,item_weight,18 kilogram
https://m.media-amazon.com/images/I/71QS1q8LeOL.jpg,150913,maximum_weight_recommendation,50 kilogram
https://m.media-amazon.com/images/I/81EjieCoRQL.jpg,969033,maximum_weight_recommendation,2 kilogram
https://m.media-amazon.com/images/I/713AO3diVNL.jpg,192132,item_weight,340.0 gram
https://m.media-amazon.com/images/I/61vZ2eyQ3hL.jpg,630869,item_weight,12.3 gram
https://m.media-amazon.com/images/I/71zX7aMsdyL.jpg,569206,item_weight,108.0 pound
https://m.media-amazon.com/images/I/61iZ2CfgOoL.jpg,299791,item_weight,7.1 gram
https://m.media-amazon.com/images/I/71Hs1vDAT8L.jpg,599772,item_weight,120.0 gram
https://m.media-amazon.com/images/I/61AtNtWwrAL.jpg,709627,item_weight,9.6 gram
https://m.media-amazon.com/images/I/4187Q95RIRL.jpg,299791,item_weight,6.5 gram
https://m.media-amazon.com/images/I/61ylRv-DyCS.jpg,249638,item_weight,50.0 gram
https://m.media-amazon.com/images/I/61T-Saub0eL.jpg,630869,item_weight,7.0 gram
https://m.media-amazon.com/images/I/71cl-wvluOL.jpg,881883,item_weight,260.0 gram
https://m.media-amazon.com/images/I/61Xx6rOG+xL.jpg,881883,item_weight,85.0 ton
https://m.media-amazon.com/images/I/81KBBxuMneL.jpg,397856,item_weight,5000.0 microgram
https://m.media-amazon.com/images/I/51xivvqZE4L.jpg,609802,item_weight,"[0.0, 1.5] kilogram"
https://m.media-amazon.com/images/I/71xuICsqTzL.jpg,501250,item_weight,5.1 kilogram
https://m.media-amazon.com/images/I/81HlcwuYuYL.jpg,281678,item_weight,200 gram
https://m.media-amazon.com/images/I/81+Y9iExgnL.jpg,918474,maximum_weight_recommendation,400 pound
https://m.media-amazon.com/images/I/71eQxSuDB7L.jpg,483370,item_weight,4.0 pound
https://m.media-amazon.com/images/I/61pBhQiHhyL.jpg,969033,maximum_weight_recommendation,150 pound
https://m.media-amazon.com/images/I/810akZL5VSL.jpg,654649,item_weight,71788.0 ton
https://m.media-amazon.com/images/I/71l2wDHI86L.jpg,252782,item_weight,2.0 gram
https://m.media-amazon.com/images/I/81z035aaQbL.jpg,569206,item_weight,320.0 gram
https://m.media-amazon.com/images/I/61pGLV+S94L.jpg,299791,item_weight,8.5 gram
https://m.media-amazon.com/images/I/71WkYe-8LNL.jpg,178958,item_weight,4.2 kilogram
https://m.media-amazon.com/images/I/51R2np4lzGL.jpg,299791,item_weight,5.0 gram
https://m.media-amazon.com/images/I/61m3pGYsORL.jpg,483370,item_weight,400.0 gram
https://m.media-amazon.com/images/I/71AyTdm6J1L.jpg,523149,item_weight,2.8 gram
https://m.media-amazon.com/images/I/61e2JhqSyxL.jpg,273748,item_weight,0.25 kilogram
https://m.media-amazon.com/images/I/61oc9DBBrKL.jpg,156839,maximum_weight_recommendation,60 kilogram
https://m.media-amazon.com/images/I/715NEyBLKUL.jpg,156839,maximum_weight_recommendation,30 kilogram
https://m.media-amazon.com/images/I/411Zo6F-xgL.jpg,557758,item_volume,200.0 millilitre
https://m.media-amazon.com/images/I/61dOt6PmOpL.jpg,860821,voltage,"[110.0, 240.0] volt"
https://m.media-amazon.com/images/I/81LiaoHr1yL.jpg,523149,item_weight,18.0 gram
https://m.media-amazon.com/images/I/71igpctDJEL.jpg,523149,item_weight,4.9 gram
https://m.media-amazon.com/images/I/51Y4CqX9PbL.jpg,858439,item_weight,24.0 gram
https://m.media-amazon.com/images/I/81wXsEADcWL.jpg,369753,item_volume,100.0 millilitre
https://m.media-amazon.com/images/I/61YeXRu2n9L.jpg,369753,item_volume,100.0 millilitre
https://m.media-amazon.com/images/I/61NXqZUUbZL.jpg,308856,item_weight,10.0 kilogram
https://m.media-amazon.com/images/I/71kCK3+dYRL.jpg,524635,item_weight,9.0 milligram
https://m.media-amazon.com/images/I/71vv0twY46L.jpg,709627,item_weight,285.0 gram
https://m.media-amazon.com/images/I/71p4gUM+6eL.jpg,334327,item_weight,130.0 pound
https://m.media-amazon.com/images/I/51CqZIkIkoL.jpg,299791,item_weight,6.0 ounce
https://m.media-amazon.com/images/I/61hVqzMDJEL.jpg,140266,item_weight,4.0 gram
https://m.media-amazon.com/images/I/51SQ+ivMx1L.jpg,140266,voltage,110.0 volt
https://m.media-amazon.com/images/I/812TxwY2dbL.jpg,557758,item_weight,400.0 gram
https://m.media-amazon.com/images/I/51eaeqjydzL.jpg,557758,item_weight,400.0 gram
https://m.media-amazon.com/images/I/61Hx3k5VQUL.jpg,557758,item_weight,400.0 gram
https://m.media-amazon.com/images/I/51AIl06xErL.jpg,557758,item_weight,400.0 gram
https://m.media-amazon.com/images/I/61hxZRRWIoL.jpg,523149,item_weight,7.1 gram
https://m.media-amazon.com/images/I/71KmhBftcdL.jpg,237000,item_weight,12.0 ounce
https://m.media-amazon.com/images/I/61KvskXFpJL.jpg,675317,item_weight,2.0 pound
https://m.media-amazon.com/images/I/81fzKK3+R3L.jpg,299791,item_weight,10.0 gram
https://m.media-amazon.com/images/I/81TSAd3X0xL.jpg,748919,item_weight,200.0 gram
https://m.media-amazon.com/images/I/41MCgr8R6kL.jpg,529606,item_weight,80.0 ounce
https://m.media-amazon.com/images/I/41ET6IcSscL.jpg,529606,item_weight,8.0 ounce
https://m.media-amazon.com/images/I/71IllnXceqL.jpg,529606,item_weight,8.0 ounce
https://m.media-amazon.com/images/I/71naSaXWd0S.jpg,752266,voltage,120.0 volt
https://m.media-amazon.com/images/I/61YdzcDSACL.jpg,523149,item_weight,5.5 gram
https://m.media-amazon.com/images/I/51vDRFdK3rL.jpg,523149,item_weight,25.5 gram
https://m.media-amazon.com/images/I/51Ry653jT-L.jpg,934747,item_weight,8.0 gram
https://m.media-amazon.com/images/I/61itWDDPQnL.jpg,630869,item_weight,23.0 gram
https://m.media-amazon.com/images/I/81SC6oU1pfL.jpg,549052,item_weight,5 kilogram to 20 kilogram
https://m.media-amazon.com/images/I/715OIITUtFL.jpg,993359,item_weight,400 gram
https://m.media-amazon.com/images/I/510BsozCCyL.jpg,524635,item_weight,100 gram
https://m.media-amazon.com/images/I/71XaJCWgpSL.jpg,630869,item_weight,4.5 gram
https://m.media-amazon.com/images/I/61HfERFOr1L.jpg,273748,item_weight,1.9 pound
https://m.media-amazon.com/images/I/81wyXLbNYUL.jpg,149159,item_weight,80.0 gram
https://m.media-amazon.com/images/I/61GvLKWbGhL.jpg,934747,item_weight,1.8 gram
https://m.media-amazon.com/images/I/61yKefcSKvL.jpg,630869,item_weight,31.0 gram
https://m.media-amazon.com/images/I/71D9DYuSnnL.jpg,601746,item_weight,30.0 pound
https://m.media-amazon.com/images/I/51fubdgGc+L.jpg,934747,item_weight,3.6 gram
https://m.media-amazon.com/images/I/619LOkYI7nL.jpg,731432,item_weight,1000.0 milligram
https://m.media-amazon.com/images/I/71dAjlzpasL.jpg,731432,item_weight,1000.0 milligram
https://m.media-amazon.com/images/I/71+gfsln56L.jpg,731432,item_weight,1000.0 milligram
https://m.media-amazon.com/images/I/71W1zLLUj5L.jpg,120569,item_weight,1.75 pound
https://m.media-amazon.com/images/I/51ihtiM8ZLL.jpg,299791,item_weight,13.0 gram
https://m.media-amazon.com/images/I/71CFqzGL22L.jpg,299791,item_weight,78.0 gram
https://m.media-amazon.com/images/I/61NYLhwwOfL.jpg,731432,item_weight,222.0 milligram
https://m.media-amazon.com/images/I/71Ry08oppHL.jpg,249638,item_weight,50.0 gram
https://m.media-amazon.com/images/I/61cRJ84LSQL.jpg,249638,item_weight,5.0 gram
https://m.media-amazon.com/images/I/415xCOO9MjL.jpg,299791,item_weight,11.0 gram
https://m.media-amazon.com/images/I/81YmELdFV4L.jpg,179080,wattage,250.0 watt
https://m.media-amazon.com/images/I/71+4NoYfm3L.jpg,641642,voltage,12.0 volt
https://m.media-amazon.com/images/I/8113D1Za6mL.jpg,132401,item_weight,1.1 pound
https://m.media-amazon.com/images/I/8182ZO2zLuL.jpg,150913,item_weight,13.0 kilogram
https://m.media-amazon.com/images/I/51n+myRW7FL.jpg,749917,item_weight,2.45 pound
https://m.media-amazon.com/images/I/71FuYwawNgL.jpg,709627,item_weight,28.0 gram
https://m.media-amazon.com/images/I/71A0kFgxkbL.jpg,609802,item_weight,11.0 pound
https://m.media-amazon.com/images/I/51NKIUQGpHL.jpg,299791,item_weight,89.0 gram
https://m.media-amazon.com/images/I/612ZAdXg8tL.jpg,449021,item_weight,12.0 ounce
https://m.media-amazon.com/images/I/61wvmnBOzlL.jpg,449021,item_weight,12.0 ounce
https://m.media-amazon.com/images/I/41U81jvU+6L.jpg,416664,wattage,3.0 watt
https://m.media-amazon.com/images/I/51ZOmcxhTyL.jpg,140266,item_weight,20.0 gram
https://m.media-amazon.com/images/I/61I4iI4gbWL.jpg,140266,item_weight,20.0 gram
https://m.media-amazon.com/images/I/51D6tb21WEL.jpg,311997,item_weight,2.5 kilogram
https://m.media-amazon.com/images/I/81tYOaDS9YL.jpg,281678,item_volume,50.0 millilitre
https://m.media-amazon.com/images/I/61AiRXtGakL.jpg,801829,item_weight,0.8 pound
https://m.media-amazon.com/images/I/71nRp1HayAL.jpg,120219,maximum_weight_recommendation,7.0 kilogram
https://m.media-amazon.com/images/I/81zIJoDLxRL.jpg,449021,item_weight,10.0 ounce
https://m.media-amazon.com/images/I/81YN8sVTBrL.jpg,524635,item_weight,65.0 gram
https://m.media-amazon.com/images/I/815HrOLObIL.jpg,524635,item_weight,65.0 gram
https://m.media-amazon.com/images/I/81R07uwa0cL.jpg,524635,item_weight,65.0 gram
https://m.media-amazon.com/images/I/71Jj6oqqruL.jpg,524635,item_weight,100.0 pound
https://m.media-amazon.com/images/I/715Ye1VvzpL.jpg,524635,item_weight,40.0 pound
https://m.media-amazon.com/images/I/61O+mU9r2iL.jpg,524635,item_weight,100.0 gram
https://m.media-amazon.com/images/I/71j8VWVeoXL.jpg,107694,item_weight,25.0 kilogram
https://m.media-amazon.com/images/I/71NI-EkZcsL.jpg,299791,item_weight,47.0 gram
https://m.media-amazon.com/images/I/71zvXfQdJvL.jpg,318770,wattage,100.0 watt
https://m.media-amazon.com/images/I/71SnDFW7SAL.jpg,318770,wattage,850.0 watt
https://m.media-amazon.com/images/I/61afe7W7xtS.jpg,318770,wattage,60.0 watt
https://m.media-amazon.com/images/I/71fAmhVUm6L.jpg,459516,item_weight,3 gram
https://m.media-amazon.com/images/I/81r9BSvcPqL.jpg,459516,item_weight,3 gram
https://m.media-amazon.com/images/I/61q135tn4AL.jpg,750220,item_weight,500 gram
https://m.media-amazon.com/images/I/61wcFhN662L.jpg,750220,item_weight,500 gram
https://m.media-amazon.com/images/I/41h90lBYR9L.jpg,993359,item_weight,3.52 ounce
https://m.media-amazon.com/images/I/41mgnZyexKL.jpg,993359,item_weight,14.7 gram
https://m.media-amazon.com/images/I/41jkwvRiqLL.jpg,993359,item_weight,100 gram
https://m.media-amazon.com/images/I/416QE5iftvL.jpg,993359,item_weight,100 gram
https://m.media-amazon.com/images/I/61ovpjd2GyL.jpg,489118,item_weight,150 gram
https://m.media-amazon.com/images/I/71vXHv-rssL.jpg,529606,item_weight,300 gram
https://m.media-amazon.com/images/I/711tZjuh38L.jpg,529606,item_weight,300 gram
https://m.media-amazon.com/images/I/517eELKIAdL.jpg,993359,item_weight,100 gram
https://m.media-amazon.com/images/I/71ItD3Peu7L.jpg,993359,item_weight,100 gram
https://m.media-amazon.com/images/I/610iSIXHktS.jpg,957185,item_weight,450 gram
https://m.media-amazon.com/images/I/71wwBIYKorL.jpg,308856,item_weight,2 kilogram
https://m.media-amazon.com/images/I/A185mqMFjNL.jpg,308856,item_weight,3 kilogram to 10 kilogram
https://m.media-amazon.com/images/I/910E1Ms483L.jpg,308856,item_weight,2 kilogram
https://m.media-amazon.com/images/I/519yF2ZXqYL.jpg,120569,item_volume,30.0 millilitre
https://m.media-amazon.com/images/I/719udYtpxIL.jpg,416664,item_weight,165.0 kilogram
https://m.media-amazon.com/images/I/61vZdkBbb2S.jpg,641642,voltage,220.0 volt
https://m.media-amazon.com/images/I/71sCnOs-z7L.jpg,365637,item_weight,1.0 kilogram
https://m.media-amazon.com/images/I/71atnq9QR2L.jpg,365637,item_weight,57.0 kilogram
https://m.media-amazon.com/images/I/61+r9k+TqyL.jpg,654649,item_weight,150.0 gram
https://m.media-amazon.com/images/I/615eBJ0xkDL.jpg,654649,item_weight,150.0 gram
https://m.media-amazon.com/images/I/81YVInwmKAL.jpg,152057,item_weight,200.0 gram
https://m.media-amazon.com/images/I/71B7YjgG2AL.jpg,152057,item_weight,200.0 gram
https://m.media-amazon.com/images/I/51xGtZU+F0L.jpg,641642,voltage,110.0 volt
https://m.media-amazon.com/images/I/61YD6MMM5YL.jpg,641642,voltage,220.0 volt
https://m.media-amazon.com/images/I/51BvCIHcgSL.jpg,641642,voltage,220.0 volt
https://m.media-amazon.com/images/I/61UYjkclzaL.jpg,273748,item_weight,0.4 kilogram
https://m.media-amazon.com/images/I/61cWMElHoUL.jpg,752266,voltage,5.5 volt
https://m.media-amazon.com/images/I/71x2tLxf86L.jpg,318770,wattage,40.0 watt
https://m.media-amazon.com/images/I/61xu7f6H3vL.jpg,318770,wattage,18.0 watt
https://m.media-amazon.com/images/I/71e0NqMEyPL.jpg,318770,wattage,40.0 watt
https://m.media-amazon.com/images/I/81zUdmBNl+L.jpg,318770,wattage,"[0.0, 40.0] watt"
https://m.media-amazon.com/images/I/71qoMhhZZJL.jpg,318770,wattage,18.0 watt
https://m.media-amazon.com/images/I/719JtXsuxbL.jpg,150535,item_weight,300.0 gram
https://m.media-amazon.com/images/I/41aOaPoPFGL.jpg,709627,voltage,11.55 volt
https://m.media-amazon.com/images/I/61vWsUPJlYL.jpg,558832,item_weight,40.0 gram
https://m.media-amazon.com/images/I/613FIo8VaRL.jpg,558832,item_weight,40.0 gram
https://m.media-amazon.com/images/I/61ygMPLHycL.jpg,709627,voltage,500.0 volt
https://m.media-amazon.com/images/I/61zsm9Wx24L.jpg,169111,voltage,4.0 volt
https://m.media-amazon.com/images/I/71x+J7kqPNL.jpg,179080,wattage,250.0 watt
https://m.media-amazon.com/images/I/71x+J7kqPNL.jpg,179080,voltage,36.0 volt
https://m.media-amazon.com/images/I/81EiMKtaldL.jpg,752266,voltage,230.0 volt
https://m.media-amazon.com/images/I/71e6iAjRwBL.jpg,609802,item_weight,95.0 gram
https://m.media-amazon.com/images/I/710WybAX84L.jpg,308856,item_weight,85.0 gram
https://m.media-amazon.com/images/I/81PNG2CST4L.jpg,308856,item_weight,4.0 kilogram
https://m.media-amazon.com/images/I/61MU5VQZHsL.jpg,731432,item_weight,250 gram
https://m.media-amazon.com/images/I/81ZnTQ+4ncL.jpg,731432,item_weight,250 gram
https://m.media-amazon.com/images/I/61EBQhBGK5L.jpg,731432,item_weight,250 gram
https://m.media-amazon.com/images/I/71Cz5aaU8PL.jpg,731432,item_weight,250 gram
https://m.media-amazon.com/images/I/81Ae5KkxGzL.jpg,731432,item_weight,250 gram
https://m.media-amazon.com/images/I/81M84GPLP5L.jpg,731432,item_weight,250 gram
https://m.media-amazon.com/images/I/61Z+l8yFGwL.jpg,731432,item_weight,250 gram
https://m.media-amazon.com/images/I/51O0ye8zO5L.jpg,299791,item_weight,10 gram
https://m.media-amazon.com/images/I/611oloLakiL.jpg,957185,item_weight,246 gram
https://m.media-amazon.com/images/I/81K0IMm-V-L.jpg,957185,item_weight,246 gram
https://m.media-amazon.com/images/I/51rP1QoA8GL.jpg,299791,item_weight,25.0 gram
https://m.media-amazon.com/images/I/81tu5D7bQcL.jpg,107694,item_weight,300.0 pound
https://m.media-amazon.com/images/I/71gvWCSRWxL.jpg,221399,maximum_weight_recommendation,600 pound
https://m.media-amazon.com/images/I/81p1waR0IkL.jpg,221399,maximum_weight_recommendation,600 pound
https://m.media-amazon.com/images/I/71qUdfhi5JL.jpg,866516,item_weight,5.0 ounce
https://m.media-amazon.com/images/I/61kFrfEYqVL.jpg,273748,item_weight,0.4 kilogram
https://m.media-amazon.com/images/I/71lxQhhfdeL.jpg,709627,item_weight,2 gram
https://m.media-amazon.com/images/I/81f3mtIX9CL.jpg,558374,item_weight,1000 gram
https://m.media-amazon.com/images/I/71mHMQpsdBL.jpg,709627,item_weight,0 gram
https://m.media-amazon.com/images/I/71fXCyi1l7L.jpg,281678,item_weight,4 ounce
https://m.media-amazon.com/images/I/61kHw6hzQoL.jpg,299791,item_weight,12 gram
https://m.media-amazon.com/images/I/61abRXOW+FS.jpg,801829,maximum_weight_recommendation,130 kilogram
https://m.media-amazon.com/images/I/61MqTXo3eEL.jpg,589105,item_weight,1.0 pound
https://m.media-amazon.com/images/I/717Gy4UgMJL.jpg,524635,item_weight,500.0 milligram
https://m.media-amazon.com/images/I/71e1Pukw9qL.jpg,524635,item_weight,500.0 milligram
https://m.media-amazon.com/images/I/61KLVdGwDDL.jpg,524635,item_weight,500.0 milligram
https://m.media-amazon.com/images/I/71Iku3v-joL.jpg,483370,item_weight,0.21 kilogram
https://m.media-amazon.com/images/I/61Vh1IUjyuL.jpg,501250,voltage,230.0 volt
https://m.media-amazon.com/images/I/71XvGuCEK8L.jpg,825239,item_weight,10.0 kilogram
https://m.media-amazon.com/images/I/71BtuagQxdL.jpg,752266,wattage,108.0 watt
https://m.media-amazon.com/images/I/61YyqGPcdlL.jpg,273748,item_weight,0.4 kilogram
https://m.media-amazon.com/images/I/619vWrUUOPL.jpg,599772,item_weight,68.0 gram
https://m.media-amazon.com/images/I/51CSHgI8y-L.jpg,299791,item_weight,16.5 gram
https://m.media-amazon.com/images/I/61QD88wk9ML.jpg,249638,item_weight,3.0 gram
https://m.media-amazon.com/images/I/61wF0UJ-DOL.jpg,593600,item_weight,3.0 ounce
https://m.media-amazon.com/images/I/81gl+nmjrHL.jpg,275506,item_weight,4.0 kilogram
https://m.media-amazon.com/images/I/61JdVKrGNNL.jpg,433914,item_weight,"[135.0, 150.0] kilogram"
https://m.media-amazon.com/images/I/71O+Gs5Ot-L.jpg,630869,item_weight,23.0 gram
https://m.media-amazon.com/images/I/81haW8xJglL.jpg,847223,item_weight,350.0 gram
https://m.media-amazon.com/images/I/81hQkVPB-IL.jpg,965518,voltage,18.0 volt
https://m.media-amazon.com/images/I/71qX7HjnhuL.jpg,416664,wattage,50.0 watt
https://m.media-amazon.com/images/I/71VCglUkSfL.jpg,299791,item_weight,159.0 pound
https://m.media-amazon.com/images/I/81x7UxPuGBL.jpg,308856,item_weight,"[5.0, 15.0] kilogram"
https://m.media-amazon.com/images/I/51Xfq-wnHrL.jpg,523149,item_weight,2.3 gram
https://m.media-amazon.com/images/I/71PRr+BrE6L.jpg,252782,item_weight,20.2 gram
https://m.media-amazon.com/images/I/61kD9l+pplL.jpg,529606,item_weight,290.0 gram
https://m.media-amazon.com/images/I/615O3N2v6VL.jpg,308856,item_weight,7.0 kilogram
https://m.media-amazon.com/images/I/51Y3V+Kp6EL.jpg,308856,item_weight,3.0 kilogram
https://m.media-amazon.com/images/I/61q886NFZmL.jpg,308856,item_weight,100.0 gram
https://m.media-amazon.com/images/I/51wKCgMTJUL.jpg,847223,item_weight,49.0 kilogram
https://m.media-amazon.com/images/I/71Xip5fJIPL.jpg,107694,item_weight,15.0 kilogram
https://m.media-amazon.com/images/I/71ejuUHIrVS.jpg,601746,item_weight,11.3 kilogram
https://m.media-amazon.com/images/I/81ZnQNZeAwL.jpg,308671,item_weight,8 gram
https://m.media-amazon.com/images/I/8113HHv8hkL.jpg,459516,item_weight,63 gram
https://m.media-amazon.com/images/I/71XSg5wDoDL.jpg,459516,item_weight,63 gram
https://m.media-amazon.com/images/I/71tmuIDBuXL.jpg,459516,item_weight,63 gram
https://m.media-amazon.com/images/I/717AkUAaNFL.jpg,993359,item_weight,3.53 ounce
https://m.media-amazon.com/images/I/71OUzL7vEjL.jpg,630869,item_weight,14.5 gram
https://m.media-amazon.com/images/I/71cAGBAnm2L.jpg,299791,item_weight,3.0 pound
https://m.media-amazon.com/images/I/61tUoise1oL.jpg,483370,item_weight,100.0 gram
https://m.media-amazon.com/images/I/41mPYy4f2+L.jpg,523149,item_weight,14.9 gram
https://m.media-amazon.com/images/I/81+4ptezr9L.jpg,507619,item_weight,3.5 kilogram
https://m.media-amazon.com/images/I/51uT0FP+GlL.jpg,299791,item_weight,3.9 gram
https://m.media-amazon.com/images/I/71W1xIlx93L.jpg,767202,item_weight,294.0 gram
https://m.media-amazon.com/images/I/71806QopfpL.jpg,179080,voltage,48.0 volt
https://m.media-amazon.com/images/I/61o1GyqdaLL.jpg,179080,voltage,48.0 volt
https://m.media-amazon.com/images/I/919+gTcaxWL.jpg,523149,item_weight,100.0 gram
https://m.media-amazon.com/images/I/71NO1ngDSnL.jpg,523149,item_weight,10.0 gram
https://m.media-amazon.com/images/I/61-oZDwZKwL.jpg,487566,item_weight,300.0 gram
https://m.media-amazon.com/images/I/81TUMDKE6LL.jpg,238409,item_weight,2800.0 gram
https://m.media-amazon.com/images/I/71Z6JGtQraL.jpg,281678,item_weight,52.0 gram
https://m.media-amazon.com/images/I/51LAblvJjfL.jpg,639090,item_weight,611.0 gram
https://m.media-amazon.com/images/I/71p6D1cE+AL.jpg,860821,voltage,230.0 volt
https://m.media-amazon.com/images/I/4129Wt-CRVL.jpg,523149,item_weight,1.76 gram
https://m.media-amazon.com/images/I/613KOY4FwSL.jpg,524635,item_weight,100.0 gram
https://m.media-amazon.com/images/I/71MBnW0WCYL.jpg,524635,item_weight,10.0 gram
https://m.media-amazon.com/images/I/81DdUKDd+rL.jpg,179080,voltage,36.0 volt
https://m.media-amazon.com/images/I/61vPBdYakaL.jpg,308856,item_weight,454.0 gram
https://m.media-amazon.com/images/I/71DgqoMjnlL.jpg,630869,item_weight,20.1 gram
https://m.media-amazon.com/images/I/71IF9r2K7FL.jpg,369753,item_volume,630.0 fluid ounce
https://m.media-amazon.com/images/I/61bz+0XXtLL.jpg,993359,item_weight,5.0 gram
https://m.media-amazon.com/images/I/71LIBFetXAS.jpg,359859,item_weight,8.0 pound
https://m.media-amazon.com/images/I/71tEIulPnnL.jpg,767202,item_weight,169.0 gram
https://m.media-amazon.com/images/I/71OygbHBYZL.jpg,180410,item_weight,1.0 ounce
https://m.media-amazon.com/images/I/71yyB9GWUcL.jpg,245959,item_weight,0.48 kilogram
https://m.media-amazon.com/images/I/61+tbsxQghL.jpg,731432,item_weight,20 gram
https://m.media-amazon.com/images/I/6166Nd5vs1L.jpg,731432,item_weight,20 gram
https://m.media-amazon.com/images/I/61XwyPqxv-L.jpg,731432,item_weight,20 gram
https://m.media-amazon.com/images/I/81jF0EvKcCL.jpg,731432,item_weight,20 gram
https://m.media-amazon.com/images/I/61TlEXOgoqL.jpg,731432,item_weight,20 gram
https://m.media-amazon.com/images/I/612AevAH33L.jpg,731432,item_weight,20 gram
https://m.media-amazon.com/images/I/61A9Fa9TeUS.jpg,628971,item_weight,400 gram
https://m.media-amazon.com/images/I/616osSRWcmL.jpg,524635,item_weight,20.0 gram
https://m.media-amazon.com/images/I/71tU92GEt-L.jpg,524635,item_weight,20.0 gram
https://m.media-amazon.com/images/I/61WsHQSpt7L.jpg,524635,item_weight,20.0 gram
https://m.media-amazon.com/images/I/61+hDXKbAoL.jpg,524635,item_weight,20.0 gram
https://m.media-amazon.com/images/I/61HA7FxPiCL.jpg,524635,item_weight,20.0 gram
https://m.media-amazon.com/images/I/71Z+GtmIxdL.jpg,524635,item_weight,20.0 gram
https://m.media-amazon.com/images/I/81RM-5F2WPL.jpg,329793,item_weight,6.0 pound
https://m.media-amazon.com/images/I/71j3rBPck-L.jpg,120219,maximum_weight_recommendation,20.0 ounce
https://m.media-amazon.com/images/I/711vUKfUPML.jpg,329793,item_weight,403.0 gram
https://m.media-amazon.com/images/I/81qpK25yu7L.jpg,487566,item_weight,300.0 gram
https://m.media-amazon.com/images/I/51lLIFTPADL.jpg,730429,item_weight,12.0 ounce
https://m.media-amazon.com/images/I/71gTUbHVi1L.jpg,730429,item_weight,12.0 ounce
https://m.media-amazon.com/images/I/61J7cLdxcGL.jpg,730429,item_weight,12.0 ounce
https://m.media-amazon.com/images/I/71FBlxuDvFS.jpg,658003,item_weight,2.2 pound
https://m.media-amazon.com/images/I/6156zf2vLES.jpg,524635,item_weight,28.0 gram
https://m.media-amazon.com/images/I/71WPthvpGeL.jpg,524635,item_weight,28.0 gram
https://m.media-amazon.com/images/I/61K7DYB2zSL.jpg,731432,item_weight,1.0 ounce
https://m.media-amazon.com/images/I/61-1w6a3VIL.jpg,225091,item_volume,0.051 fluid ounce
https://m.media-amazon.com/images/I/61biD94pAqL.jpg,730429,item_weight,1.23 pound
https://m.media-amazon.com/images/I/61+fCedEefL.jpg,120219,maximum_weight_recommendation,7.0 ton
https://m.media-amazon.com/images/I/61wyzcCNwKL.jpg,375816,item_weight,50.0 gram
https://m.media-amazon.com/images/I/61ztOU1jkOL.jpg,375816,item_weight,50.0 gram
https://m.media-amazon.com/images/I/51fLP0lKSaL.jpg,993359,item_weight,500 gram
https://m.media-amazon.com/images/I/71HhlhK3fyL.jpg,993359,item_weight,500 gram
https://m.media-amazon.com/images/I/617E9ugyK3L.jpg,993359,item_weight,288 pound
https://m.media-amazon.com/images/I/61-eoUJh5PL.jpg,794161,item_weight,3.5 gram
https://m.media-amazon.com/images/I/71kOCq7EdLL.jpg,299791,item_weight,26.0 gram
https://m.media-amazon.com/images/I/51l4Gl63zIL.jpg,750220,item_weight,120 gram
https://m.media-amazon.com/images/I/61ExQTySGRS.jpg,459516,item_weight,200 gram
https://m.media-amazon.com/images/I/81zRpGI1udL.jpg,523149,item_weight,8.0 gram
https://m.media-amazon.com/images/I/91L5X8k5NVL.jpg,993359,item_weight,4 pound
https://m.media-amazon.com/images/I/71fjsji87wL.jpg,969033,maximum_weight_recommendation,60 pound
https://m.media-amazon.com/images/I/71UpuPhwGVL.jpg,308856,item_weight,800 gram
https://m.media-amazon.com/images/I/81w9soNyNzL.jpg,308856,item_weight,800 gram
https://m.media-amazon.com/images/I/71K6YtzjwtL.jpg,308856,item_weight,2 kilogram
https://m.media-amazon.com/images/I/719gye5MVkS.jpg,299791,item_weight,159 pound
https://m.media-amazon.com/images/I/71c6nVOCT8L.jpg,507467,item_weight,62 ounce
https://m.media-amazon.com/images/I/81VhK5KBNeL.jpg,365637,item_weight,8 ounce
https://m.media-amazon.com/images/I/817nt15IkUL.jpg,365637,item_weight,8 ounce
https://m.media-amazon.com/images/I/710XkCxhBrL.jpg,564709,item_weight,8.2 kilogram
https://m.media-amazon.com/images/I/61vRojEbYVL.jpg,564709,item_weight,8.2 kilogram
https://m.media-amazon.com/images/I/41eFdXAEUQL.jpg,308856,item_weight,40.0 gram
https://m.media-amazon.com/images/I/41LQ6o3865L.jpg,308856,item_weight,40.0 gram
https://m.media-amazon.com/images/I/41gJuhXncfL.jpg,308856,item_weight,40.0 gram
https://m.media-amazon.com/images/I/41Tcq7kqQWL.jpg,308856,item_weight,40.0 gram
https://m.media-amazon.com/images/I/41UhWaT+aqL.jpg,308856,item_weight,40.0 gram
https://m.media-amazon.com/images/I/616anKj65OL.jpg,898898,item_weight,3.0 gram
https://m.media-amazon.com/images/I/91eaAHq1EJL.jpg,396159,item_weight,600.0 gram
https://m.media-amazon.com/images/I/9113Nt-rtEL.jpg,396159,item_weight,600.0 gram
https://m.media-amazon.com/images/I/81noDsaS4FL.jpg,397856,item_weight,137.54 gram
https://m.media-amazon.com/images/I/81oRuFKaTeL.jpg,397856,item_weight,137.54 gram
https://m.media-amazon.com/images/I/81BUXzGy4zL.jpg,397856,item_weight,17.54 gram
https://m.media-amazon.com/images/I/819fo-lhWcL.jpg,397856,item_weight,0.15 milligram
https://m.media-amazon.com/images/I/51PmAj3FwvL.jpg,507988,item_weight,300.0 gram
https://m.media-amazon.com/images/I/71Mbq7loBpL.jpg,453674,item_weight,2.3 kilogram
https://m.media-amazon.com/images/I/A1a2ZfDLgnL.jpg,752266,voltage,"[220.0, 240.0] volt"
https://m.media-amazon.com/images/I/71HwGeJfD2L.jpg,501250,item_weight,3.6 kilogram
https://m.media-amazon.com/images/I/71B+n0fRicL.jpg,801829,item_weight,3.0 kilogram
https://m.media-amazon.com/images/I/41dhDXbf2cL.jpg,523149,item_weight,4.0 gram
https://m.media-amazon.com/images/I/614t0C7H07L.jpg,523149,item_weight,2.6 gram
https://m.media-amazon.com/images/I/61qWRK1zjVL.jpg,752266,voltage,220.0 volt
https://m.media-amazon.com/images/I/61qWRK1zjVL.jpg,752266,wattage,60.0 watt
https://m.media-amazon.com/images/I/61MlKxjxJGL.jpg,860821,wattage,13.0 watt
https://m.media-amazon.com/images/I/61Sfpw2erIL.jpg,308856,item_weight,"[11.0, 25.0] kilogram"
https://m.media-amazon.com/images/I/51kW-eLnp2L.jpg,308856,item_weight,"[11.0, 25.0] kilogram"
https://m.media-amazon.com/images/I/31oVbuPtMYL.jpg,752266,wattage,35.0 watt
https://m.media-amazon.com/images/I/41wYMjYGJ3L.jpg,752266,wattage,35.0 watt
https://m.media-amazon.com/images/I/713AwfXvfGL.jpg,731252,item_weight,0.0 milligram
https://m.media-amazon.com/images/I/81Q3i9GcvZL.jpg,397856,item_weight,25.0 microgram
https://m.media-amazon.com/images/I/71CWMnM7eCL.jpg,396159,item_weight,500.0 gram
https://m.media-amazon.com/images/I/81I75yv+9eL.jpg,952353,voltage,240.0 volt
https://m.media-amazon.com/images/I/71W07jC92qL.jpg,299791,item_weight,4.6 gram
https://m.media-amazon.com/images/I/61ybpOhijrL.jpg,752266,wattage,36.0 watt
https://m.media-amazon.com/images/I/710k9qKJYyL.jpg,752266,wattage,"[20.0, 40.0] watt"
https://m.media-amazon.com/images/I/A1hj1olf8SL.jpg,186035,voltage,"[220.0, 240.0] volt"
https://m.media-amazon.com/images/I/61Y5ghoY9AL.jpg,630869,item_weight,29.0 gram
https://m.media-amazon.com/images/I/71aHigDSWtL.jpg,917343,item_weight,986.0 gram
https://m.media-amazon.com/images/I/711qXjCp-5L.jpg,523149,item_weight,3.5 gram
https://m.media-amazon.com/images/I/61i0rWxLF1L.jpg,107694,item_weight,"[8.0, 15.0] kilogram"
https://m.media-amazon.com/images/I/51ckl4RaK3L.jpg,523149,item_weight,13.8 gram
https://m.media-amazon.com/images/I/81YtuzREVCL.jpg,564709,item_weight,70.0 kilogram
https://m.media-amazon.com/images/I/61+yfSyNAdL.jpg,564709,item_weight,70.0 kilogram
https://m.media-amazon.com/images/I/71fdZo1B2rL.jpg,549052,item_weight,0.54 pound
https://m.media-amazon.com/images/I/71gFmudTntL.jpg,281678,item_weight,500 gram
https://m.media-amazon.com/images/I/51I1tTgS1tL.jpg,252782,item_weight,80.0 gram
https://m.media-amazon.com/images/I/611Qwai10eL.jpg,752266,item_weight,9.0 gram
https://m.media-amazon.com/images/I/61cmmUbi8BL.jpg,299791,item_weight,150.0 gram
https://m.media-amazon.com/images/I/71Ckim00Y0L.jpg,254449,item_volume,200.0 millilitre
https://m.media-amazon.com/images/I/71Zqu9hPSfL.jpg,120219,maximum_weight_recommendation,2.0 gram
https://m.media-amazon.com/images/I/61G6+HBAq5L.jpg,299791,item_weight,33.0 gram
https://m.media-amazon.com/images/I/71qRIPGyKuL.jpg,844474,item_weight,1.8 pound
https://m.media-amazon.com/images/I/81UrTs-rWSL.jpg,281678,item_weight,6.0 gram
https://m.media-amazon.com/images/I/81IbCkBBmQL.jpg,281678,item_weight,6.0 gram
https://m.media-amazon.com/images/I/81gxoYusPWL.jpg,487566,item_weight,240.0 gram
https://m.media-amazon.com/images/I/81271EKtwuL.jpg,179080,wattage,250.0 watt
https://m.media-amazon.com/images/I/71mUDyyidPL.jpg,630869,item_weight,"[15.02, 15.88] gram"
https://m.media-amazon.com/images/I/71dN07KCklL.jpg,731432,item_weight,200.0 milligram
https://m.media-amazon.com/images/I/61UGXIVCxlS.jpg,731432,item_weight,200.0 milligram
https://m.media-amazon.com/images/I/71mArCteD9L.jpg,411423,item_weight,400.0 gram
https://m.media-amazon.com/images/I/31qgso-5l6L.jpg,411423,item_weight,19.0 gram
https://m.media-amazon.com/images/I/61WW-dVYckL.jpg,107694,item_weight,5.0 gram
https://m.media-amazon.com/images/I/71yOaQ3Sx3L.jpg,628971,item_weight,700.0 gram
https://m.media-amazon.com/images/I/71x+VqFP6AL.jpg,892291,wattage,0.352 kilowatt hour
https://m.media-amazon.com/images/I/61lIcqZEQ0L.jpg,892291,wattage,234.233 kilowatt hour
https://m.media-amazon.com/images/I/81+tdG6q26L.jpg,892291,wattage,7.4 kilowatt
https://m.media-amazon.com/images/I/71gEBSVe+bL.jpg,731432,item_weight,168.0 gram
https://m.media-amazon.com/images/I/91W4lpRpOvL.jpg,731432,item_weight,5.92 ounce
https://m.media-amazon.com/images/I/81Cj8ecM7IL.jpg,639090,item_weight,20 gram
https://m.media-amazon.com/images/I/61r-kcPG28L.jpg,630869,item_weight,186 gram
https://m.media-amazon.com/images/I/71V66iX4icL.jpg,524635,item_weight,500 gram
https://m.media-amazon.com/images/I/81pGgCrJpHL.jpg,731432,item_weight,3000 milligram
https://m.media-amazon.com/images/I/61c2VvsjvsL.jpg,459516,item_weight,5 gigabyte
https://m.media-amazon.com/images/I/51FTWKrU24L.jpg,558374,item_weight,40 gram
https://m.media-amazon.com/images/I/71mSwkMuB3L.jpg,801829,maximum_weight_recommendation,135 kilogram
https://m.media-amazon.com/images/I/61sve5sPg8L.jpg,801829,maximum_weight_recommendation,298 pound
https://m.media-amazon.com/images/I/71T9MATCrHL.jpg,318770,wattage,60.0 watt
https://m.media-amazon.com/images/I/61QEceaEPhL.jpg,318770,wattage,60.0 watt
https://m.media-amazon.com/images/I/715ZbqmED0L.jpg,318770,wattage,5.0 watt
https://m.media-amazon.com/images/I/71dkSdWQ9jS.jpg,483370,item_weight,2.0 kilogram
https://m.media-amazon.com/images/I/71ZR8oUjRdL.jpg,459516,item_weight,14.0 gram
https://m.media-amazon.com/images/I/61TAwc8B5xL.jpg,810266,item_weight,2000.0 gram
https://m.media-amazon.com/images/I/71ZIXnNexUL.jpg,483370,item_weight,1.0 gram
https://m.media-amazon.com/images/I/617EVKlxH-L.jpg,752266,wattage,50.0 watt
https://m.media-amazon.com/images/I/61FR9X56B2L.jpg,268003,item_weight,4.0 pound
https://m.media-amazon.com/images/I/81VtK9O2BIL.jpg,268003,item_weight,4.0 pound
https://m.media-amazon.com/images/I/61jB2ROUKnL.jpg,181357,item_weight,234.0 gram
https://m.media-amazon.com/images/I/71CGSSoxDDL.jpg,179080,voltage,36.0 volt
https://m.media-amazon.com/images/I/71xPo9MsfgL.jpg,601746,item_weight,3000 gram
https://m.media-amazon.com/images/I/81zNirJpd0L.jpg,375816,item_weight,1.8 ounce
https://m.media-amazon.com/images/I/71ZuZ0bVyUL.jpg,375816,item_weight,1.8 ounce
https://m.media-amazon.com/images/I/81pkF+I8feL.jpg,152057,item_weight,350 gram
https://m.media-amazon.com/images/I/91838QxheBL.jpg,993359,item_weight,250 gram
https://m.media-amazon.com/images/I/81FKFn0SOeL.jpg,308856,item_weight,100 gram
https://m.media-amazon.com/images/I/61+OA7NyyTL.jpg,558374,item_weight,340 gram
https://m.media-amazon.com/images/I/61HqKshduRL.jpg,299791,item_weight,18 gram
https://m.media-amazon.com/images/I/613WKQXR-lL.jpg,523149,item_weight,1.6 gram
https://m.media-amazon.com/images/I/519MmC+dZML.jpg,630869,item_weight,19.8 gram
https://m.media-amazon.com/images/I/71gTznViQOL.jpg,752266,item_weight,6.0 gram
https://m.media-amazon.com/images/I/81r7XgX8A-L.jpg,107694,item_weight,"[30.0, 55.0] pound"
https://m.media-amazon.com/images/I/71zPKflK2eL.jpg,208023,item_weight,2700.0 gram
https://m.media-amazon.com/images/I/71jB4coyNoL.jpg,208023,item_weight,2700.0 gram
https://m.media-amazon.com/images/I/61C3itwl8jL.jpg,299791,item_weight,8.31 gram
https://m.media-amazon.com/images/I/51bVPCdc5-L.jpg,348551,item_weight,60.0 kilogram
https://m.media-amazon.com/images/I/51fotxQxv5L.jpg,348551,item_weight,175.0 kilogram
https://m.media-amazon.com/images/I/71zlTB-4bGL.jpg,181357,item_weight,3680.0 gram
https://m.media-amazon.com/images/I/61iArMQz76L.jpg,459516,item_weight,3.3 gram
https://m.media-amazon.com/images/I/61Kd3HMo0DL.jpg,273748,item_weight,0.4 kilogram
https://m.media-amazon.com/images/I/718of6wcSYL.jpg,249638,item_weight,1100.0 gram
https://m.media-amazon.com/images/I/71nvpFSvFWL.jpg,658003,item_weight,7.27 pound
https://m.media-amazon.com/images/I/91m3IkKSOsS.jpg,844474,item_weight,1.5 pound
https://m.media-amazon.com/images/I/81VlxRwldOL.jpg,844474,item_weight,680.0 gram
https://m.media-amazon.com/images/I/71Addjbg8ZL.jpg,299791,item_weight,5.4 gram
https://m.media-amazon.com/images/I/81zSa+v8gCL.jpg,675317,item_weight,15.0 gram
https://m.media-amazon.com/images/I/71TdlapTaaL.jpg,299791,item_weight,30.0 gram
https://m.media-amazon.com/images/I/6131ZKhPcNL.jpg,487566,item_weight,3505.0 gram
https://m.media-amazon.com/images/I/71Te8uVsJbL.jpg,593600,item_weight,0.38 kilogram
https://m.media-amazon.com/images/I/81RTpoQFe8L.jpg,558374,item_weight,200.0 gram
https://m.media-amazon.com/images/I/81S7zdo7TcL.jpg,558374,item_weight,175.0 gram
https://m.media-amazon.com/images/I/71fRJIythFL.jpg,558374,item_weight,200.0 gram
https://m.media-amazon.com/images/I/71ByuFYG1VL.jpg,558374,item_weight,200.0 gram
https://m.media-amazon.com/images/I/71DYy8bRTTL.jpg,558374,item_weight,200.0 gram
https://m.media-amazon.com/images/I/71PoZ-MrbML.jpg,558374,item_weight,200.0 gram
https://m.media-amazon.com/images/I/71UmdePHDKL.jpg,558374,item_weight,175.0 gram
https://m.media-amazon.com/images/I/71OFESBykJL.jpg,558374,item_weight,175.0 gram
https://m.media-amazon.com/images/I/81y+Fa0NvKS.jpg,844474,item_weight,27.0 pound
https://m.media-amazon.com/images/I/91tYvbpccLL.jpg,993359,item_weight,100.0 gram
https://m.media-amazon.com/images/I/91RkPSrYxTL.jpg,993359,item_weight,13.5 ounce
https://m.media-amazon.com/images/I/81GhS6+OaXL.jpg,993359,item_weight,13.5 ounce
https://m.media-amazon.com/images/I/716w9xPkpbL.jpg,993359,item_weight,70.0 gram
https://m.media-amazon.com/images/I/71KEKdqH8UL.jpg,993359,item_weight,70.0 gram
https://m.media-amazon.com/images/I/61NjET8HXqL.jpg,993359,item_weight,70.0 gram
https://m.media-amazon.com/images/I/713Dny4HtNL.jpg,179080,voltage,48.0 volt
https://m.media-amazon.com/images/I/41xgsCwVcvL.jpg,411423,item_weight,85.0 gram
https://m.media-amazon.com/images/I/71MSFX5CExL.jpg,281678,item_weight,48.8 gram
https://m.media-amazon.com/images/I/A1TP-ldH7CL.jpg,932012,item_weight,218.0 gram
https://m.media-amazon.com/images/I/512Bph1OuuL.jpg,507467,item_weight,266 gram
https://m.media-amazon.com/images/I/512Bph1OuuL.jpg,507467,height,46.5 millimetre
https://m.media-amazon.com/images/I/81CeBuqC5KL.jpg,639090,item_weight,960 gram
https://m.media-amazon.com/images/I/617coQcwHFL.jpg,281678,item_weight,340 gram
https://m.media-amazon.com/images/I/81tVBRZwKgL.jpg,993359,item_weight,1 gram
https://m.media-amazon.com/images/I/61qbeOSXk5L.jpg,993359,item_weight,100 gram
https://m.media-amazon.com/images/I/515TRHFSX5L.jpg,558374,item_weight,20 kilogram
https://m.media-amazon.com/images/I/41SKPKjfxkL.jpg,558374,item_weight,180 gram
https://m.media-amazon.com/images/I/91F8QRfLxdL.jpg,459516,item_weight,2 gram
https://m.media-amazon.com/images/I/91fnTU2wf2L.jpg,893692,item_weight,1.5 kilogram
https://m.media-amazon.com/images/I/61VSrpuzwcL.jpg,120569,item_weight,100 gram
https://m.media-amazon.com/images/I/61i9CJVcb4L.jpg,120569,item_weight,100 gram
https://m.media-amazon.com/images/I/71upkNOqUGL.jpg,120569,item_weight,100 gram
https://m.media-amazon.com/images/I/31ZtLoCMAnL.jpg,524635,item_weight,10 gram
https://m.media-amazon.com/images/I/51IoFuSP2JL.jpg,524635,item_weight,10 gram
https://m.media-amazon.com/images/I/61mTIBT-2ML.jpg,483370,item_weight,125.0 gram
https://m.media-amazon.com/images/I/81Gfx7p-CLL.jpg,709627,item_weight,366.8 gram
https://m.media-amazon.com/images/I/81KgHD0MjfL.jpg,281678,item_weight,1.5 gram
https://m.media-amazon.com/images/I/81vY014vLdL.jpg,281678,item_weight,1.5 gram
https://m.media-amazon.com/images/I/71+YdYYkQGL.jpg,281678,item_weight,1.8 gram
https://m.media-amazon.com/images/I/815xkoseFwL.jpg,281678,item_weight,1.5 gram
https://m.media-amazon.com/images/I/81IdwiTY-JL.jpg,281678,item_weight,1.5 gram
https://m.media-amazon.com/images/I/71qgJuuTRnL.jpg,449805,item_weight,2.4 pound
https://m.media-amazon.com/images/I/51D9Vd2WOuL.jpg,375816,item_weight,55.0 gram
https://m.media-amazon.com/images/I/411BOKT7lsL.jpg,375816,item_weight,55.0 gram
https://m.media-amazon.com/images/I/71Vd50ZeISL.jpg,140266,item_weight,1.8 kilogram
https://m.media-amazon.com/images/I/71e6sLPEiqL.jpg,731432,item_weight,294.0 gram
https://m.media-amazon.com/images/I/81a+NgbQf7L.jpg,731432,item_weight,7.0 gram
https://m.media-amazon.com/images/I/61nWwqkLBRL.jpg,844474,item_weight,0.95 pound
https://m.media-amazon.com/images/I/71PmPYmOudL.jpg,752266,voltage,2.0 volt
https://m.media-amazon.com/images/I/71rNu99zqaL.jpg,752266,voltage,2.0 volt
https://m.media-amazon.com/images/I/71NyirmPQaL.jpg,318770,wattage,100.0 watt
https://m.media-amazon.com/images/I/51x2KsO54-L.jpg,639090,item_weight,50.0 gram
https://m.media-amazon.com/images/I/71qBaKTyAJL.jpg,271537,voltage,20.0 volt
https://m.media-amazon.com/images/I/71cSwFRsxoL.jpg,271537,voltage,"[120.0, 127.0] volt"
https://m.media-amazon.com/images/I/71EuIcvC-gL.jpg,271537,voltage,"[120.0, 127.0] volt"
https://m.media-amazon.com/images/I/81lyAj5AhhL.jpg,281678,item_weight,50.0 gram
https://m.media-amazon.com/images/I/71bnEdpQbBL.jpg,281678,item_weight,50.0 gram
https://m.media-amazon.com/images/I/71sz9PNGGaL.jpg,281678,item_weight,50.0 gram
https://m.media-amazon.com/images/I/81gQv3cVIxL.jpg,281678,item_weight,2.5 gram
https://m.media-amazon.com/images/I/91U-i1+czCL.jpg,993359,item_weight,150 gram
https://m.media-amazon.com/images/I/713pl7SrzxL.jpg,993359,item_weight,150 gram
https://m.media-amazon.com/images/I/71Y1UJ6Lf-L.jpg,993359,item_weight,150 gram
https://m.media-amazon.com/images/I/61-QcjtfJUL.jpg,993359,item_weight,150 gram
https://m.media-amazon.com/images/I/71fmBHybZRL.jpg,281678,item_weight,120 gram
https://m.media-amazon.com/images/I/71gRjaty+5L.jpg,281678,item_weight,120 gram
https://m.media-amazon.com/images/I/71EvdN4uO8L.jpg,281678,item_weight,250 gram
https://m.media-amazon.com/images/I/713OCvlCtfL.jpg,609802,item_weight,11.0 pound
https://m.media-amazon.com/images/I/61qLMRZ5MsL.jpg,630869,item_weight,28.095238095238095 ounce
https://m.media-amazon.com/images/I/71ul9hGmntL.jpg,709627,item_weight,11.0 kilogram
https://m.media-amazon.com/images/I/71sKJFQyGSL.jpg,709627,item_weight,8.96 kilogram
https://m.media-amazon.com/images/I/71joTTOy8YL.jpg,140266,voltage,"[100.0, 240.0] volt"
https://m.media-amazon.com/images/I/613vJuRJn3L.jpg,524635,item_weight,24.0 ounce
https://m.media-amazon.com/images/I/415tEaJr8xL.jpg,730429,item_weight,12.0 ounce
https://m.media-amazon.com/images/I/71NDncEcX+L.jpg,730429,item_weight,12.0 ounce
https://m.media-amazon.com/images/I/61EQH+caxhL.jpg,730429,item_weight,12.0 ounce
https://m.media-amazon.com/images/I/61z+AMVdt5L.jpg,730429,item_weight,12.0 ounce
https://m.media-amazon.com/images/I/51LNDLJQ7nL.jpg,916768,item_volume,1.0 ounce
https://m.media-amazon.com/images/I/61MfyE+nTQL.jpg,844474,item_weight,390.0 gram
https://m.media-amazon.com/images/I/713aV0yTCAL.jpg,892291,item_weight,60.0 gram
https://m.media-amazon.com/images/I/61BUy5f7beL.jpg,120569,item_weight,20 kilogram
https://m.media-amazon.com/images/I/71TW+E9oiLL.jpg,226504,item_weight,1.9 kilogram
https://m.media-amazon.com/images/I/61tVkqZzZtL.jpg,308856,item_weight,100 gram
https://m.media-amazon.com/images/I/61Ym8HnKWBL.jpg,308856,item_weight,100 gram
https://m.media-amazon.com/images/I/61kdXQI7SdL.jpg,308856,item_weight,100 gram
https://m.media-amazon.com/images/I/61MlADpwDfL.jpg,308856,item_weight,100 gram
https://m.media-amazon.com/images/I/61tBF9EisyL.jpg,192132,item_weight,3.2 kilogram
https://m.media-amazon.com/images/I/71DRsAGjE9L.jpg,273748,item_weight,1.72 pound
https://m.media-amazon.com/images/I/712Gy7rkIdL.jpg,630869,item_weight,9.1 gram
https://m.media-amazon.com/images/I/81rB+gb7UZL.jpg,396159,item_weight,500.0 gram
https://m.media-amazon.com/images/I/81jj-vF5p+L.jpg,396159,item_weight,500.0 gram
https://m.media-amazon.com/images/I/617BQ7os0zL.jpg,208023,item_weight,2.1 kilogram
https://m.media-amazon.com/images/I/81Bvny-Io+L.jpg,810266,item_weight,115.0 gram
https://m.media-amazon.com/images/I/71WsT7ZTcoL.jpg,369753,item_volume,50.0 millilitre
https://m.media-amazon.com/images/I/7146pzdSl-L.jpg,369753,item_volume,50.0 millilitre
https://m.media-amazon.com/images/I/71l3XKJTfTL.jpg,369753,item_volume,50.0 millilitre
https://m.media-amazon.com/images/I/71vu4ao7W8L.jpg,369753,item_volume,50.0 millilitre
https://m.media-amazon.com/images/I/71yEFSK7idL.jpg,369753,item_volume,50.0 millilitre
https://m.media-amazon.com/images/I/61AniafoUNL.jpg,369753,item_volume,50.0 millilitre
https://m.media-amazon.com/images/I/619Gugue9oS.jpg,120219,maximum_weight_recommendation,26.0 ton
https://m.media-amazon.com/images/I/41NJVeEAKqL.jpg,752266,wattage,10.0 watt
https://m.media-amazon.com/images/I/71y9Tt9YnpL.jpg,752266,wattage,10.0 watt
https://m.media-amazon.com/images/I/71zrwf3C-vL.jpg,752266,wattage,10.0 watt
https://m.media-amazon.com/images/I/81+0uWW2YSL.jpg,752266,wattage,10.0 watt
https://m.media-amazon.com/images/I/51In7U3sK+L.jpg,524635,item_weight,50.0 milligram
https://m.media-amazon.com/images/I/619TbdH8SqL.jpg,524635,item_weight,50.0 milligram
https://m.media-amazon.com/images/I/71mH+pHNFYL.jpg,916768,item_volume,100.0 gallon
https://m.media-amazon.com/images/I/81-YLgZ1DYL.jpg,993359,item_weight,25.0 gram
https://m.media-amazon.com/images/I/81P5Kg3V+oL.jpg,993359,item_weight,10.0 gram
https://m.media-amazon.com/images/I/81-4NXS8EDL.jpg,993359,item_weight,25.0 gram
https://m.media-amazon.com/images/I/61e6rWe2PEL.jpg,675317,item_weight,31.0 gram
https://m.media-amazon.com/images/I/51SlrY7ISzL.jpg,523149,item_weight,6.9 gram
https://m.media-amazon.com/images/I/71Pa2HQbcgL.jpg,179080,voltage,48.0 volt
https://m.media-amazon.com/images/I/81bITc7TE0L.jpg,179080,voltage,48.0 volt
https://m.media-amazon.com/images/I/81bITc7TE0L.jpg,179080,wattage,750.0 watt
https://m.media-amazon.com/images/I/61L9mBkXlLS.jpg,396159,item_weight,91200.0 gram
https://m.media-amazon.com/images/I/61UhAMaVLJL.jpg,459516,item_volume,2.0 millilitre
https://m.media-amazon.com/images/I/71+SBz4va1L.jpg,459516,item_volume,2.0 millilitre
https://m.media-amazon.com/images/I/71z0GsTP1OL.jpg,459516,item_volume,1.69 fluid ounce
https://m.media-amazon.com/images/I/71Js+juCbCL.jpg,459516,item_volume,1.69 fluid ounce
https://m.media-amazon.com/images/I/71DTHyFbuIL.jpg,801829,item_weight,8.8 pound
https://m.media-amazon.com/images/I/51QJLriRIdL.jpg,397856,item_weight,2000.0 gram
https://m.media-amazon.com/images/I/81chB+X-kjL.jpg,609802,item_weight,4.78 pound
https://m.media-amazon.com/images/I/815Ws+Mt-qL.jpg,329793,item_weight,9.0 ounce
https://m.media-amazon.com/images/I/71AMinte94L.jpg,449021,item_weight,10.0 ounce
https://m.media-amazon.com/images/I/61WjaA+vdgL.jpg,523149,item_weight,2.0 gram
https://m.media-amazon.com/images/I/71JeoHuadrL.jpg,767202,item_weight,100.0 gram
https://m.media-amazon.com/images/I/81QInGYE5qL.jpg,609802,item_weight,40.0 kilogram
https://m.media-amazon.com/images/I/71IFkS585yL.jpg,523149,item_weight,28.0 ounce
https://m.media-amazon.com/images/I/51sy+iqxn9L.jpg,752266,voltage,"[85.0, 265.0] volt"
https://m.media-amazon.com/images/I/71YBYYA6qkL.jpg,709627,item_weight,4.99 ounce
https://m.media-amazon.com/images/I/51IYNh9x+uL.jpg,934747,item_weight,10.0 gram
https://m.media-amazon.com/images/I/61AyXeb65fL.jpg,308856,item_weight,400.0 gram
https://m.media-amazon.com/images/I/61nd1+lAgrL.jpg,308856,item_weight,10.0 kilogram
https://m.media-amazon.com/images/I/61etA3xLJxL.jpg,746096,voltage,0.7222222222222222 volt
https://m.media-amazon.com/images/I/81ARYRIdLXL.jpg,630869,item_weight,22.0 gram
https://m.media-amazon.com/images/I/51IWPRven8S.jpg,993359,item_weight,100.0 gram
https://m.media-amazon.com/images/I/51kBzwH58cS.jpg,993359,item_weight,100.0 gram
https://m.media-amazon.com/images/I/716ypiLKEwL.jpg,881883,item_weight,776.58 gram
https://m.media-amazon.com/images/I/616ZtSw0J3L.jpg,866516,item_weight,1230.0 gram
https://m.media-amazon.com/images/I/61NAYMNdb3L.jpg,639090,item_weight,5.0 ton
https://m.media-amazon.com/images/I/71C1ZrGmZ1S.jpg,271537,voltage,20.0 volt
https://m.media-amazon.com/images/I/51AaOKWND2L.jpg,881883,item_weight,6.0 ton
https://m.media-amazon.com/images/I/811aCltdV7L.jpg,208023,item_weight,3200.0 gram
https://m.media-amazon.com/images/I/71Y-M5vvwnL.jpg,208023,item_weight,3200.0 gram
https://m.media-amazon.com/images/I/71MbFO7eiiL.jpg,208023,item_weight,2.2223333344444455e+20 gram
https://m.media-amazon.com/images/I/41j4SEPR77L.jpg,934747,item_weight,890.0 gram
https://m.media-amazon.com/images/I/71nOGmMwyeL.jpg,523149,item_weight,16.2 gram
https://m.media-amazon.com/images/I/51gJCE5t7jL.jpg,630390,item_weight,908.0 gram
https://m.media-amazon.com/images/I/61pSklSecpL.jpg,630390,item_weight,2.0 pound
https://m.media-amazon.com/images/I/6155gfEynsL.jpg,630390,item_weight,0.1 gram
https://m.media-amazon.com/images/I/710gR9uaETL.jpg,630390,item_weight,2.0 pound
https://m.media-amazon.com/images/I/719Rm8oJ4UL.jpg,881883,item_weight,12.0 ton
https://m.media-amazon.com/images/I/41kEE28CpTL.jpg,639090,item_weight,130.0 gram
https://m.media-amazon.com/images/I/71rdOy8oVnL.jpg,225091,item_weight,5.0 kilogram
https://m.media-amazon.com/images/I/61WbA7AbfML.jpg,993359,item_weight,100 gram
https://m.media-amazon.com/images/I/716sMOgdG5L.jpg,529606,item_weight,15 millilitre
https://m.media-amazon.com/images/I/61g5jh6GTUL.jpg,149159,item_weight,6.0 kilogram
https://m.media-amazon.com/images/I/51s1J3rUFfL.jpg,299791,item_weight,14.0 gram
https://m.media-amazon.com/images/I/71pAmvVQPVL.jpg,752266,item_weight,2.4 gram
https://m.media-amazon.com/images/I/61w1xF7ODdL.jpg,860821,voltage,3.7 volt
https://m.media-amazon.com/images/I/61w1xF7ODdL.jpg,860821,wattage,"[1.0, 2.0] watt"
https://m.media-amazon.com/images/I/716XovdGQsS.jpg,767202,item_weight,0.0 gram
https://m.media-amazon.com/images/I/71hirDMYDDL.jpg,276700,wattage,1910.269 watt
https://m.media-amazon.com/images/I/61ipNi9r6BL.jpg,844474,item_weight,0.55 kilogram
https://m.media-amazon.com/images/I/61dGIorsUgL.jpg,844474,item_weight,0.55 kilogram
https://m.media-amazon.com/images/I/51NobOLlTML.jpg,675317,item_weight,5.0 kilogram
https://m.media-amazon.com/images/I/51o6rsIo9eL.jpg,892291,wattage,7.5 watt
https://m.media-amazon.com/images/I/61iWpJCJ2rL.jpg,442321,item_weight,50.0 kilogram
https://m.media-amazon.com/images/I/51sNXh8pyLL.jpg,299791,item_weight,12.4 gram
https://m.media-amazon.com/images/I/41uQ2PYOUXL.jpg,529606,item_weight,90 gram
https://m.media-amazon.com/images/I/41NOSe7Fk0L.jpg,529606,item_weight,90 gram
https://m.media-amazon.com/images/I/61yL6Soti5L.jpg,969033,maximum_weight_recommendation,45 kilogram
https://m.media-amazon.com/images/I/71Umlzg+r0L.jpg,273748,item_weight,0.86 kilogram
https://m.media-amazon.com/images/I/61vHMEf44oL.jpg,442321,item_weight,15.0 kilogram
https://m.media-amazon.com/images/I/61SwpmplcUL.jpg,993359,item_weight,50 gram
https://m.media-amazon.com/images/I/31wd1yT5p2S.jpg,397856,item_weight,134 milligram
https://m.media-amazon.com/images/I/41Pn-+BZnPS.jpg,397856,item_weight,134 milligram
https://m.media-amazon.com/images/I/51KwNKzvLdL.jpg,397856,item_weight,134 milligram
https://m.media-amazon.com/images/I/31SY13wqlQL.jpg,397856,item_weight,1.54 milligram
https://m.media-amazon.com/images/I/61RskHhF+tL.jpg,204245,maximum_weight_recommendation,150 kilogram
https://m.media-amazon.com/images/I/71wcQj0Je9L.jpg,639090,item_weight,455 gram
https://m.media-amazon.com/images/I/71zuYw0Y05L.jpg,639090,item_weight,455 gram
https://m.media-amazon.com/images/I/91sAQQxkvgL.jpg,601746,item_weight,5037823 gram
https://m.media-amazon.com/images/I/91AHnn3iAHL.jpg,365637,item_weight,150 gram
https://m.media-amazon.com/images/I/71EHcFDPAvL.jpg,156839,maximum_weight_recommendation,15 kilogram
https://m.media-amazon.com/images/I/71-R3GQDmFL.jpg,801829,maximum_weight_recommendation,330 pound
https://m.media-amazon.com/images/I/61VjtfzmmtL.jpg,523149,item_weight,5.0 gram
https://m.media-amazon.com/images/I/61PIXf8JTOL.jpg,375816,item_weight,24.0 pound
https://m.media-amazon.com/images/I/81p+5vNHPUL.jpg,375816,item_weight,10.1 ounce
https://m.media-amazon.com/images/I/81kXCdMTzEL.jpg,375816,item_weight,288.0 gram
https://m.media-amazon.com/images/I/81dEnzM96OL.jpg,375816,item_weight,288.0 gram
https://m.media-amazon.com/images/I/713dZidOeOL.jpg,375816,item_weight,8.0 ounce
https://m.media-amazon.com/images/I/71vm5+Csf7L.jpg,375816,item_weight,288.0 gram
https://m.media-amazon.com/images/I/71+CbDxsEmL.jpg,730429,item_weight,10.0 gram
https://m.media-amazon.com/images/I/917LQdSu7IL.jpg,939129,item_weight,50.0 pound
https://m.media-amazon.com/images/I/71xMVFBw3uL.jpg,801829,item_weight,4.5 kilogram
https://m.media-amazon.com/images/I/61d1pOTbJdL.jpg,993359,item_weight,55 gram
https://m.media-amazon.com/images/I/71ClTU-qxeL.jpg,529606,item_weight,2.14 ounce
https://m.media-amazon.com/images/I/71Jh8zvLwrL.jpg,529606,item_weight,60 gram
https://m.media-amazon.com/images/I/71gCp3tvpVL.jpg,529606,item_weight,0.3333333333333333 ounce
https://m.media-amazon.com/images/I/71eLz0beioL.jpg,446789,maximum_weight_recommendation,300 kilogram
https://m.media-amazon.com/images/I/81ifpcGCE3L.jpg,308856,item_weight,10 kilogram
https://m.media-amazon.com/images/I/61PjmhugCjL.jpg,308856,item_weight,10 kilogram
https://m.media-amazon.com/images/I/71pkRodxZcL.jpg,308856,item_weight,5 kilogram to 10 kilogram
https://m.media-amazon.com/images/I/71nBqc06+RL.jpg,488883,maximum_weight_recommendation,350 pound
https://m.media-amazon.com/images/I/61g7bruJVXS.jpg,630869,item_weight,23 gram
https://m.media-amazon.com/images/I/51vDLJoqMWL.jpg,524635,item_weight,20 gram
https://m.media-amazon.com/images/I/61nKU7lM3FL.jpg,107694,item_weight,"[20.0, 50.0] pound"
https://m.media-amazon.com/images/I/81YUrjLsTBL.jpg,149159,item_weight,60.0 kilogram
https://m.media-amazon.com/images/I/816+aHntUDL.jpg,459516,item_volume,200.0 millilitre
https://m.media-amazon.com/images/I/71hCyPCNifL.jpg,208023,item_weight,30.0 gram
https://m.media-amazon.com/images/I/91yBEPg9McL.jpg,208023,item_weight,80.0 gram
https://m.media-amazon.com/images/I/81wZ3djZr2L.jpg,208023,item_weight,310.0 gram
https://m.media-amazon.com/images/I/81Brq772OZL.jpg,208023,item_weight,30.0 gram
https://m.media-amazon.com/images/I/81NjwclCjdL.jpg,150535,item_weight,1.8 kilogram
https://m.media-amazon.com/images/I/71Clzg7QEvS.jpg,675317,item_weight,0.17 pound
https://m.media-amazon.com/images/I/81SH40UZ+FL.jpg,558374,item_weight,28.0 gram
https://m.media-amazon.com/images/I/71bxShk8DNL.jpg,273748,item_weight,1.75 pound
https://m.media-amazon.com/images/I/5102DT+7-3L.jpg,630869,item_weight,11.5 gram
https://m.media-amazon.com/images/I/61msoCUFbdL.jpg,630869,item_weight,11.52 gram
https://m.media-amazon.com/images/I/81-8eLbIKgL.jpg,752266,wattage,33.0 watt
https://m.media-amazon.com/images/I/71Y-MJcL7xL.jpg,752266,wattage,1080.0 watt
https://m.media-amazon.com/images/I/71+JcrSYmPL.jpg,752266,wattage,1080.0 watt
https://m.media-amazon.com/images/I/81u9NFxuyIL.jpg,881883,item_weight,4.0 ton
https://m.media-amazon.com/images/I/61M4eGs+GCL.jpg,487566,item_weight,1.0 ton
https://m.media-amazon.com/images/I/61E+3rVsrUL.jpg,730429,item_weight,320.0 gram
https://m.media-amazon.com/images/I/61qDsVycgjL.jpg,844474,item_weight,1.43 pound
https://m.media-amazon.com/images/I/81rOqV2HhsL.jpg,844474,item_weight,0.8 kilogram
https://m.media-amazon.com/images/I/818GuvfQEPL.jpg,658003,item_weight,400.0 gram
https://m.media-amazon.com/images/I/41a+zx9TUJL.jpg,934747,item_weight,3.0 gram
https://m.media-amazon.com/images/I/51afwZcAcIL.jpg,639090,item_weight,105.0 gram
https://m.media-amazon.com/images/I/51na9ql85HL.jpg,675317,item_weight,7.35 ounce
https://m.media-amazon.com/images/I/71QHkPcNSLL.jpg,487566,item_weight,220.0 gram
https://m.media-amazon.com/images/I/61V4VBuYf8L.jpg,934747,item_weight,3.142 gram
https://m.media-amazon.com/images/I/71LzjKcQxxL.jpg,641642,voltage,94.0 volt
https://m.media-amazon.com/images/I/61VSV41acTL.jpg,433914,item_weight,100.0 kilogram
https://m.media-amazon.com/images/I/61R6R3e+c5L.jpg,934747,item_weight,1.5 kilogram
https://m.media-amazon.com/images/I/51Gl473ThQL.jpg,299791,item_weight,6.0 gram
https://m.media-amazon.com/images/I/71T5kG6q7zL.jpg,442321,item_weight,110.0 kilogram
https://m.media-amazon.com/images/I/61cgSkpMUBL.jpg,630869,item_weight,29.0 gram
https://m.media-amazon.com/images/I/51xyd9ghQKL.jpg,241608,item_weight,2.0 gram
https://m.media-amazon.com/images/I/61vyje7wFRL.jpg,273748,item_weight,0.66 pound
https://m.media-amazon.com/images/I/71Dd47cHsxL.jpg,416664,wattage,50.0 watt
https://m.media-amazon.com/images/I/61V9w8+BpIL.jpg,609802,item_weight,36.0 gram
https://m.media-amazon.com/images/I/719603AFzhL.jpg,731252,item_weight,0.8 ton
https://m.media-amazon.com/images/I/71qtRdlQqsL.jpg,308856,item_weight,400.0 gram
https://m.media-amazon.com/images/I/51ODi9-QapL.jpg,648011,wattage,55.0 watt
https://m.media-amazon.com/images/I/71jcWw9wdCL.jpg,523149,item_weight,5.5 gram
https://m.media-amazon.com/images/I/71edu5cngML.jpg,299791,item_weight,24.6 gram
https://m.media-amazon.com/images/I/71yNlcwQnuL.jpg,281678,item_weight,1.8 ounce
https://m.media-amazon.com/images/I/71xANFJjeHL.jpg,281678,item_weight,1.8 ounce
https://m.media-amazon.com/images/I/71f2qjV2GfL.jpg,281678,item_weight,2.5 gram
https://m.media-amazon.com/images/I/61fpZBR7XlL.jpg,523149,item_weight,14.7 gram
https://m.media-amazon.com/images/I/81uJ4g6SjtL.jpg,750220,item_weight,300 gram
https://m.media-amazon.com/images/I/81uKHGIjUHL.jpg,750220,item_weight,300 gram
https://m.media-amazon.com/images/I/31rCd+ccXHL.jpg,750220,item_weight,300 gram
https://m.media-amazon.com/images/I/81Xp1LviCCL.jpg,609802,item_weight,1.5 ounce
https://m.media-amazon.com/images/I/71Y0r-R9obL.jpg,750220,item_weight,100 gram
https://m.media-amazon.com/images/I/71+1feQ9OuL.jpg,750220,item_weight,100 gram
https://m.media-amazon.com/images/I/61qf984dXuL.jpg,750220,item_weight,100 gram
https://m.media-amazon.com/images/I/61OIDIEgWAS.jpg,639090,item_weight,90 gram
https://m.media-amazon.com/images/I/41LZv1WrfgL.jpg,810266,item_weight,190 gram
https://m.media-amazon.com/images/I/71yMJLfVyGL.jpg,731432,item_weight,1200 milligram
https://m.media-amazon.com/images/I/61rN2FsbrgL.jpg,801829,maximum_weight_recommendation,120 kilogram
https://m.media-amazon.com/images/I/61TQv+8PuFL.jpg,120569,item_weight,180 gram
https://m.media-amazon.com/images/I/61O2eMiggoL.jpg,969033,maximum_weight_recommendation,10 pound
https://m.media-amazon.com/images/I/61LfIueSzjL.jpg,308856,item_weight,50.0 kilogram
https://m.media-amazon.com/images/I/71-IU60x4vL.jpg,524635,item_weight,5.0 milligram
https://m.media-amazon.com/images/I/81TmbdCBCiL.jpg,524635,item_weight,150.0 milligram
https://m.media-amazon.com/images/I/6166wmxbehL.jpg,731432,item_weight,1200.0 milligram
https://m.media-amazon.com/images/I/81tkLdlEQPL.jpg,731432,item_weight,1200.0 milligram
https://m.media-amazon.com/images/I/81xB-5LIyOL.jpg,731432,item_weight,1200.0 milligram
https://m.media-amazon.com/images/I/61KJCRXHP0L.jpg,731432,item_weight,1200.0 milligram
https://m.media-amazon.com/images/I/711JfYTllSL.jpg,731432,item_weight,1200.0 milligram
https://m.media-amazon.com/images/I/619HJfF-twL.jpg,675317,item_weight,5000.0 ton
https://m.media-amazon.com/images/I/61wj40BBexL.jpg,523149,item_weight,7.0 gram
https://m.media-amazon.com/images/I/91TLeA32hSL.jpg,411423,item_weight,220.0 gram
https://m.media-amazon.com/images/I/911-Iki53ML.jpg,411423,item_weight,220.0 gram
https://m.media-amazon.com/images/I/91hw7jVyOPL.jpg,411423,item_weight,220.0 gram
